-- phpMyAdmin SQL Dump
-- version 4.9.0.1
-- https://www.phpmyadmin.net/
--
-- Host: 127.0.0.1
-- Generation Time: Jul 14, 2020 at 05:12 AM
-- Server version: 10.3.16-MariaDB
-- PHP Version: 7.1.30

SET SQL_MODE = "NO_AUTO_VALUE_ON_ZERO";
SET AUTOCOMMIT = 0;
START TRANSACTION;
SET time_zone = "+00:00";


/*!40101 SET @OLD_CHARACTER_SET_CLIENT=@@CHARACTER_SET_CLIENT */;
/*!40101 SET @OLD_CHARACTER_SET_RESULTS=@@CHARACTER_SET_RESULTS */;
/*!40101 SET @OLD_COLLATION_CONNECTION=@@COLLATION_CONNECTION */;
/*!40101 SET NAMES utf8mb4 */;

--
-- Database: `db_tms`
--

-- --------------------------------------------------------

--
-- Table structure for table `access_log`
--

CREATE TABLE `access_log` (
  `id` int(20) NOT NULL,
  `date_time` datetime(6) NOT NULL,
  `user` varchar(20) NOT NULL,
  `host` varchar(40) NOT NULL,
  `logout_time` datetime(6) NOT NULL
) ENGINE=InnoDB DEFAULT CHARSET=latin1;

--
-- Dumping data for table `access_log`
--

INSERT INTO `access_log` (`id`, `date_time`, `user`, `host`, `logout_time`) VALUES
(1, '2018-03-06 10:59:22.000000', 'cert', '7t8ra6oerp1o3i7f41e8f033a1', '2018-03-06 10:59:42.000000'),
(2, '2018-03-06 10:59:34.000000', 'ais', '7t8ra6oerp1o3i7f41e8f033a1', '2018-03-06 10:59:42.000000'),
(3, '2018-03-06 18:33:51.000000', 'ais', '0grihvg4alqoonh0hqdnnkh5o0', '0000-00-00 00:00:00.000000'),
(4, '2018-03-06 18:34:17.000000', 'ais', '0grihvg4alqoonh0hqdnnkh5o0', '0000-00-00 00:00:00.000000'),
(5, '2018-03-06 18:35:51.000000', 'ais', 'gv8ufmgdsopelihi7p9vp6o931', '2018-03-06 18:36:29.000000'),
(6, '2018-03-07 09:34:28.000000', 'admin1', 'd8enh813b7lr0brui7k4if6bn2', '2018-03-07 09:37:11.000000'),
(7, '2018-03-07 09:37:05.000000', 'samitha', 'd8enh813b7lr0brui7k4if6bn2', '2018-03-07 09:37:11.000000'),
(8, '2018-03-07 09:43:11.000000', 'ais', 'rv44ijdek4us2nsnbknlk2nsu1', '2018-03-07 09:44:19.000000'),
(9, '2018-03-07 09:43:35.000000', 'samitha', 'rv44ijdek4us2nsnbknlk2nsu1', '2018-03-07 09:44:19.000000'),
(10, '2018-03-07 09:52:53.000000', 'admin1', 'fm22jekjim8l2l0j4m7elt45f4', '2018-03-07 10:18:02.000000'),
(11, '2018-03-07 09:58:33.000000', 'ais', 'f9fi1rid5k202n24q0bum31jv1', '2018-03-07 11:37:17.000000'),
(12, '2018-03-07 10:02:21.000000', 'Admin123', 'fm22jekjim8l2l0j4m7elt45f4', '2018-03-07 10:18:02.000000'),
(13, '2018-03-07 10:03:13.000000', 'Admin123', '70e9ptemsleijtuegvp2bsm356', '2018-03-07 10:18:05.000000'),
(14, '2018-03-07 10:03:55.000000', 'admin1', 'fm22jekjim8l2l0j4m7elt45f4', '2018-03-07 10:18:02.000000'),
(15, '2018-03-07 10:16:09.000000', 'Admin123', '70e9ptemsleijtuegvp2bsm356', '2018-03-07 10:18:05.000000'),
(16, '2018-03-07 10:18:46.000000', 'admin1', 'f9fi1rid5k202n24q0bum31jv1', '2018-03-07 11:37:17.000000'),
(17, '2018-03-07 10:19:49.000000', 'Admin123', 'rv44ijdek4us2nsnbknlk2nsu1', '0000-00-00 00:00:00.000000'),
(18, '2018-03-07 10:36:23.000000', 'dumindu', 'us7hom7bhloop1c662apkfulp5', '2018-03-07 10:39:40.000000'),
(19, '2018-03-07 10:39:28.000000', 'dumindu', 'us7hom7bhloop1c662apkfulp5', '2018-03-07 10:39:40.000000'),
(20, '2018-03-07 10:56:49.000000', 'Diluka', 'vf6eu09mrq0ut39928d122k1a3', '2018-03-07 10:59:11.000000'),
(21, '2018-03-07 11:03:08.000000', 'SankaCAB', '2t9ie552s3f088jfpskdgluic3', '2018-03-07 23:16:36.000000'),
(22, '2018-03-07 11:04:18.000000', 'SankaCAB', '2t9ie552s3f088jfpskdgluic3', '2018-03-07 23:16:36.000000'),
(23, '2018-03-07 11:05:26.000000', 'Chamari', 'pd91apf3r6il3tggtgv1edkqc5', '2018-03-07 11:06:44.000000'),
(24, '2018-03-07 11:07:38.000000', 'Diluka', 'vf6eu09mrq0ut39928d122k1a3', '0000-00-00 00:00:00.000000'),
(25, '2018-03-07 11:14:56.000000', 'WIJESEKARA', '4rsdnpknaskppuvcpql43gkbh4', '2018-03-07 11:16:02.000000'),
(26, '2018-03-07 11:16:35.000000', 'malinda wijesuriya', 'vf6eu09mrq0ut39928d122k1a3', '0000-00-00 00:00:00.000000'),
(27, '2018-03-07 11:22:06.000000', 'Madurangataab', 'e1qt7b30i30usu313tj1b66e36', '0000-00-00 00:00:00.000000'),
(28, '2018-03-07 11:29:02.000000', 'nhattanayaka', '8gctf9gil864ihsivekql7iqr1', '2018-03-15 21:53:26.000000'),
(29, '2018-03-07 11:32:54.000000', 'Ayeshmi', '791risiu4dvnvidpu2hqfcsd14', '2018-03-07 11:47:52.000000'),
(30, '2018-03-07 11:33:38.000000', 'chinthaka-RPB', 'a7eaqu973b0u3psppk3an0sil7', '0000-00-00 00:00:00.000000'),
(31, '2018-03-07 11:35:09.000000', 'Thiru', '9l65133e5jolm728q9g6n8u727', '0000-00-00 00:00:00.000000'),
(32, '2018-03-07 11:36:41.000000', 'chinthaka-RPB', 'a7eaqu973b0u3psppk3an0sil7', '0000-00-00 00:00:00.000000'),
(33, '2018-03-07 11:37:40.000000', 'admin1', 'f9fi1rid5k202n24q0bum31jv1', '0000-00-00 00:00:00.000000'),
(34, '2018-03-07 11:38:19.000000', 'anushka.dissanayake', 'jcp57vruveu31arh1tadtngji0', '0000-00-00 00:00:00.000000'),
(35, '2018-03-07 11:38:47.000000', 'samarasinghe', 'jf7l0kuc65gbg9gub6e195ep23', '0000-00-00 00:00:00.000000'),
(36, '2018-03-07 11:39:32.000000', 'dumindu', 'us7hom7bhloop1c662apkfulp5', '0000-00-00 00:00:00.000000'),
(37, '2018-03-07 11:40:42.000000', 'dumindu', 'us7hom7bhloop1c662apkfulp5', '0000-00-00 00:00:00.000000'),
(38, '2018-03-07 11:41:42.000000', 'Abey7103', 'fiukib7im0jqlqlgsal6h2cnd5', '0000-00-00 00:00:00.000000'),
(39, '2018-03-07 11:41:47.000000', 'Sampath', '9ar36fiohv90ehrvkuo80h72b1', '0000-00-00 00:00:00.000000'),
(40, '2018-03-07 11:41:59.000000', 'Diluka', 'vf6eu09mrq0ut39928d122k1a3', '0000-00-00 00:00:00.000000'),
(41, '2018-03-07 11:42:13.000000', 'dumindu', 'us7hom7bhloop1c662apkfulp5', '0000-00-00 00:00:00.000000'),
(42, '2018-03-07 11:43:39.000000', 'Bandulaistaweera', '1el3bc1570nip41617kl3kn9k1', '0000-00-00 00:00:00.000000'),
(43, '2018-03-07 11:46:19.000000', 'Nalindissanayaka', 'ogrgqnej8emt04lnldm4o7k995', '0000-00-00 00:00:00.000000'),
(44, '2018-03-07 11:56:41.000000', 'dumindu', 'us7hom7bhloop1c662apkfulp5', '0000-00-00 00:00:00.000000'),
(45, '2018-03-07 11:58:04.000000', 'SankaCAB', 'gpjshouoij3269bn5tdm7717m5', '0000-00-00 00:00:00.000000'),
(46, '2018-03-07 12:01:20.000000', 'Abey7103', 'fiukib7im0jqlqlgsal6h2cnd5', '0000-00-00 00:00:00.000000'),
(47, '2018-03-07 14:19:05.000000', 'Harshagap', '6ouc6q9tq45t9b30j96cqhg6k1', '0000-00-00 00:00:00.000000'),
(48, '2018-03-07 14:23:25.000000', 'harshagap', '6ouc6q9tq45t9b30j96cqhg6k1', '0000-00-00 00:00:00.000000'),
(49, '2018-03-07 18:40:20.000000', 'Chathura-rp', 'dku43hl9mp97abo0qao28q3r63', '0000-00-00 00:00:00.000000'),
(50, '2018-03-07 18:43:49.000000', 'WIJESEKARA', 'c51js60fijhbbm64mvf6b9gpp1', '2018-03-07 18:45:25.000000'),
(51, '2018-03-07 21:53:45.000000', 'samarasinghe', 'jf7l0kuc65gbg9gub6e195ep23', '0000-00-00 00:00:00.000000'),
(52, '2018-03-07 22:27:11.000000', 'samarasinghe', 'jf7l0kuc65gbg9gub6e195ep23', '0000-00-00 00:00:00.000000'),
(53, '2018-03-07 22:30:16.000000', 'samarasinghe', 'jf7l0kuc65gbg9gub6e195ep23', '0000-00-00 00:00:00.000000'),
(54, '2018-03-07 23:16:16.000000', 'ais', '2t9ie552s3f088jfpskdgluic3', '2018-03-07 23:16:36.000000'),
(55, '2018-03-07 23:34:13.000000', 'Bandulaistaweera', '1el3bc1570nip41617kl3kn9k1', '0000-00-00 00:00:00.000000'),
(56, '2018-03-08 06:22:35.000000', 'harshagap', '6ouc6q9tq45t9b30j96cqhg6k1', '0000-00-00 00:00:00.000000'),
(57, '2018-03-08 06:45:49.000000', 'samarasinghe', 'jf7l0kuc65gbg9gub6e195ep23', '0000-00-00 00:00:00.000000'),
(58, '2018-03-08 06:52:54.000000', 'samarasinghe', 'jf7l0kuc65gbg9gub6e195ep23', '0000-00-00 00:00:00.000000'),
(59, '2018-03-08 07:36:19.000000', 'Dimuthu', 'ssmubsauj4kvqar1jd54nrgst0', '0000-00-00 00:00:00.000000'),
(60, '2018-03-08 07:45:42.000000', 'Madurangataab', 'e1qt7b30i30usu313tj1b66e36', '0000-00-00 00:00:00.000000'),
(61, '2018-03-08 07:54:08.000000', 'ais', 'cep63mu3paru68v6jvjtqdt9i2', '2018-03-08 07:54:15.000000'),
(62, '2018-03-08 13:15:30.000000', 'ruwan', 'r1ecni9d3vova41cvg2cq1r5p6', '0000-00-00 00:00:00.000000'),
(63, '2018-03-08 13:15:30.000000', 'ruwan', 'r1ecni9d3vova41cvg2cq1r5p6', '0000-00-00 00:00:00.000000'),
(64, '2018-03-08 16:10:20.000000', 'Bandulaistaweera', '1el3bc1570nip41617kl3kn9k1', '0000-00-00 00:00:00.000000'),
(65, '2018-03-09 06:48:41.000000', 'Sampath', '9ar36fiohv90ehrvkuo80h72b1', '0000-00-00 00:00:00.000000'),
(66, '2018-03-09 20:12:04.000000', 'Thiru', '9l65133e5jolm728q9g6n8u727', '0000-00-00 00:00:00.000000'),
(67, '2018-03-11 20:21:01.000000', 'dumindu', 'us7hom7bhloop1c662apkfulp5', '0000-00-00 00:00:00.000000'),
(68, '2018-03-12 18:23:57.000000', 'suresh', '9c9563v2fdtud3adgtgft11ho7', '0000-00-00 00:00:00.000000'),
(69, '2018-03-13 09:50:16.000000', 'ais', 'm4r3etpq9iq1oe78mpa9e3k5v3', '0000-00-00 00:00:00.000000'),
(70, '2018-03-13 11:19:43.000000', 'ais', 'm4r3etpq9iq1oe78mpa9e3k5v3', '0000-00-00 00:00:00.000000'),
(71, '2018-03-13 13:13:03.000000', 'ais', 'aomjrhevk0bu30htd6nsgis354', '2018-03-13 13:18:36.000000'),
(72, '2018-03-14 08:51:06.000000', 'ais', 'geccthjsn48v17s72sna642at5', '0000-00-00 00:00:00.000000'),
(73, '2018-03-14 11:15:44.000000', 'dumindu', 'us7hom7bhloop1c662apkfulp5', '0000-00-00 00:00:00.000000'),
(74, '2018-03-15 21:43:06.000000', 'Athawuda', 'op923lqh8fmomcmg81l7io13f1', '0000-00-00 00:00:00.000000'),
(75, '2018-03-15 21:52:11.000000', 'nhattanayaka', '8gctf9gil864ihsivekql7iqr1', '2018-03-15 21:53:26.000000'),
(76, '2018-03-16 18:26:34.000000', 'Lasantha_RP', '4bmha1i813ljcko5ueuu4or2t7', '0000-00-00 00:00:00.000000'),
(77, '2018-03-18 10:19:20.000000', 'Abey7103', 'fiukib7im0jqlqlgsal6h2cnd5', '0000-00-00 00:00:00.000000'),
(78, '2018-03-21 08:59:18.000000', 'admin1', 'te5ocm8a44r5h7ohj08uj0h1e6', '2018-03-21 14:35:25.000000'),
(79, '2018-03-21 09:00:15.000000', 'admin1', 'te5ocm8a44r5h7ohj08uj0h1e6', '2018-03-21 14:35:25.000000'),
(80, '2018-03-21 09:21:38.000000', 'Admin123', 'iqu4cdlv0mv7v1qvecrf7ht184', '2018-03-21 13:01:20.000000'),
(81, '2018-03-21 09:31:06.000000', 'indika ', '6eu6fom6b1ldj0vmaavb2st1o6', '0000-00-00 00:00:00.000000'),
(82, '2018-03-21 09:31:58.000000', 'Admin123', 'pse21sja6d14kf3penpnl0bs04', '2018-03-21 11:22:25.000000'),
(83, '2018-03-21 09:40:34.000000', 'admin1', 'te5ocm8a44r5h7ohj08uj0h1e6', '2018-03-21 14:35:25.000000'),
(84, '2018-03-21 09:43:21.000000', 'harshagap', '6ouc6q9tq45t9b30j96cqhg6k1', '0000-00-00 00:00:00.000000'),
(85, '2018-03-21 09:45:50.000000', 'Admin123', 'gnbcm2iq7au0eb1roa8v677rs1', '0000-00-00 00:00:00.000000'),
(86, '2018-03-21 09:46:12.000000', 'Thiru', '9l65133e5jolm728q9g6n8u727', '0000-00-00 00:00:00.000000'),
(87, '2018-03-21 09:46:32.000000', 'anushka.dissanayake', 'jcp57vruveu31arh1tadtngji0', '0000-00-00 00:00:00.000000'),
(88, '2018-03-21 09:47:01.000000', 'suresh', '9c9563v2fdtud3adgtgft11ho7', '0000-00-00 00:00:00.000000'),
(89, '2018-03-21 09:47:19.000000', 'Thiru', '9l65133e5jolm728q9g6n8u727', '0000-00-00 00:00:00.000000'),
(90, '2018-03-21 09:48:05.000000', 'Abey7103', 'fiukib7im0jqlqlgsal6h2cnd5', '0000-00-00 00:00:00.000000'),
(91, '2018-03-21 09:48:55.000000', 'anushka.dissanayake', 'jcp57vruveu31arh1tadtngji0', '0000-00-00 00:00:00.000000'),
(92, '2018-03-21 09:48:59.000000', 'Abey7103', 'fiukib7im0jqlqlgsal6h2cnd5', '0000-00-00 00:00:00.000000'),
(93, '2018-03-21 09:49:56.000000', 'Bandara', '1viegd9k0u7c6hbdo4pq2jkk13', '0000-00-00 00:00:00.000000'),
(94, '2018-03-21 09:50:28.000000', 'Kamil', 'pkb6tseuesiscfmffc7pf7b425', '0000-00-00 00:00:00.000000'),
(95, '2018-03-21 09:50:57.000000', 'samarasinghe', 'jf7l0kuc65gbg9gub6e195ep23', '0000-00-00 00:00:00.000000'),
(96, '2018-03-21 09:52:02.000000', 'Diluka', 'vf6eu09mrq0ut39928d122k1a3', '0000-00-00 00:00:00.000000'),
(97, '2018-03-21 09:52:20.000000', 'Bandulaistaweera', '1el3bc1570nip41617kl3kn9k1', '0000-00-00 00:00:00.000000'),
(98, '2018-03-21 09:52:46.000000', 'Madurangataab', 'e1qt7b30i30usu313tj1b66e36', '0000-00-00 00:00:00.000000'),
(99, '2018-03-21 09:53:54.000000', 'Lasantha_RP', '4bmha1i813ljcko5ueuu4or2t7', '0000-00-00 00:00:00.000000'),
(100, '2018-03-21 09:54:28.000000', 'Kamil', 'pkb6tseuesiscfmffc7pf7b425', '0000-00-00 00:00:00.000000'),
(101, '2018-03-21 09:55:19.000000', 'Lasantha_RP', '4bmha1i813ljcko5ueuu4or2t7', '0000-00-00 00:00:00.000000'),
(102, '2018-03-21 09:58:53.000000', 'IsharaAbeywardhana ', 'f9427d52oh86fsupc3chm89vf0', '0000-00-00 00:00:00.000000'),
(103, '2018-03-21 09:59:47.000000', 'chinthaka-RPB', '87sur41u169bvtjvvigmh8ppr3', '0000-00-00 00:00:00.000000'),
(104, '2018-03-21 10:00:08.000000', 'Nafoortaab', 'da3l1lsoroo8hv0pmmdu8goq73', '0000-00-00 00:00:00.000000'),
(105, '2018-03-21 10:02:48.000000', 'nhattanayaka', '8gctf9gil864ihsivekql7iqr1', '0000-00-00 00:00:00.000000'),
(106, '2018-03-21 10:03:02.000000', 'Zsiyada ', '93pj46higos1sj0o5jb5n6kid0', '0000-00-00 00:00:00.000000'),
(107, '2018-03-21 10:03:50.000000', 'Geeganage-n', '42u9vsart0rp527suimbrseo63', '0000-00-00 00:00:00.000000'),
(108, '2018-03-21 10:03:53.000000', 'Bandulaistaweera', '1el3bc1570nip41617kl3kn9k1', '0000-00-00 00:00:00.000000'),
(109, '2018-03-21 10:04:44.000000', 'Nafoortaab', 'da3l1lsoroo8hv0pmmdu8goq73', '0000-00-00 00:00:00.000000'),
(110, '2018-03-21 10:06:35.000000', 'harshagap', '6ouc6q9tq45t9b30j96cqhg6k1', '0000-00-00 00:00:00.000000'),
(111, '2018-03-21 10:07:17.000000', 'Samancab', 'ihf38r7hpe8hremcb3dlim0eg2', '0000-00-00 00:00:00.000000'),
(112, '2018-03-21 10:07:56.000000', 'Bilal', 'os3rhk6rv7v5vrva0pbdtemga1', '0000-00-00 00:00:00.000000'),
(113, '2018-03-21 10:08:16.000000', 'NADEEKA', '7ci6rt9cg12trt8ufvnd359a17', '0000-00-00 00:00:00.000000'),
(114, '2018-03-21 10:08:44.000000', 'Sameera', 'd4kcb663mr2r8srbfa1vq68fm4', '0000-00-00 00:00:00.000000'),
(115, '2018-03-21 10:08:55.000000', 'Lakmal', 'qp6ibauttk2jn751v8mvvkgd71', '0000-00-00 00:00:00.000000'),
(116, '2018-03-21 10:08:59.000000', 'chinthaka-RPB', '87sur41u169bvtjvvigmh8ppr3', '0000-00-00 00:00:00.000000'),
(117, '2018-03-21 10:09:46.000000', 'SankaCAB', 'ona4edbjscuv6p1o8o4liba9h2', '0000-00-00 00:00:00.000000'),
(118, '2018-03-21 10:09:59.000000', 'manoj', '199sk2dtcrsiu45qs4hcqmp0l5', '0000-00-00 00:00:00.000000'),
(119, '2018-03-21 10:10:22.000000', 'Mithila', '90aml4605ka4b0a0the084p8u3', '0000-00-00 00:00:00.000000'),
(120, '2018-03-21 10:11:05.000000', 'indunil', '8fae7945orv1afdn2di42562b1', '0000-00-00 00:00:00.000000'),
(121, '2018-03-21 10:11:12.000000', 'Mithila', '90aml4605ka4b0a0the084p8u3', '0000-00-00 00:00:00.000000'),
(122, '2018-03-21 10:11:32.000000', 'Malinda Wijesuriya', 'ibou98rkqvpti94h9f697uq6k6', '0000-00-00 00:00:00.000000'),
(123, '2018-03-21 10:13:53.000000', 'suresh', '9c9563v2fdtud3adgtgft11ho7', '0000-00-00 00:00:00.000000'),
(124, '2018-03-21 10:14:32.000000', 'Lasantha_RP', '4bmha1i813ljcko5ueuu4or2t7', '0000-00-00 00:00:00.000000'),
(125, '2018-03-21 10:14:49.000000', 'Sameera', 'd4kcb663mr2r8srbfa1vq68fm4', '0000-00-00 00:00:00.000000'),
(126, '2018-03-21 10:14:54.000000', 'manoj', '199sk2dtcrsiu45qs4hcqmp0l5', '0000-00-00 00:00:00.000000'),
(127, '2018-03-21 10:15:14.000000', 'harshagap', '6ouc6q9tq45t9b30j96cqhg6k1', '0000-00-00 00:00:00.000000'),
(128, '2018-03-21 10:15:20.000000', 'Luckykumarawijeseksr', 'hn4vkcciimh9so2ohp7n7o85k5', '0000-00-00 00:00:00.000000'),
(129, '2018-03-21 10:15:36.000000', 'manoj', '199sk2dtcrsiu45qs4hcqmp0l5', '0000-00-00 00:00:00.000000'),
(130, '2018-03-21 10:16:05.000000', 'Samilham', 'ksgnm4lm0eitle5q4htl2tmdl7', '0000-00-00 00:00:00.000000'),
(131, '2018-03-21 10:16:34.000000', 'IsharaAbeywardhana ', 'f9427d52oh86fsupc3chm89vf0', '0000-00-00 00:00:00.000000'),
(132, '2018-03-21 10:17:58.000000', 'Samilham', 'ksgnm4lm0eitle5q4htl2tmdl7', '0000-00-00 00:00:00.000000'),
(133, '2018-03-21 10:18:00.000000', 'Lakmal', 'qp6ibauttk2jn751v8mvvkgd71', '0000-00-00 00:00:00.000000'),
(134, '2018-03-21 10:18:05.000000', 'Gayan kalinga', 'c3sf1nrdi6l0t0gasl3da51ef1', '0000-00-00 00:00:00.000000'),
(135, '2018-03-21 10:18:27.000000', 'Nalindissanayaka', 'ogrgqnej8emt04lnldm4o7k995', '0000-00-00 00:00:00.000000'),
(136, '2018-03-21 10:18:41.000000', 'Niluka Harischandra ', 'a51ajp4nr3gsn56eu7vbngbu23', '0000-00-00 00:00:00.000000'),
(137, '2018-03-21 10:19:14.000000', 'Mithila', '90aml4605ka4b0a0the084p8u3', '0000-00-00 00:00:00.000000'),
(138, '2018-03-21 10:20:33.000000', 'Lasantha_RP', '4bmha1i813ljcko5ueuu4or2t7', '0000-00-00 00:00:00.000000'),
(139, '2018-03-21 10:20:56.000000', 'Lakmal', 'qp6ibauttk2jn751v8mvvkgd71', '0000-00-00 00:00:00.000000'),
(140, '2018-03-21 10:21:08.000000', 'Geeganage-n', '42u9vsart0rp527suimbrseo63', '0000-00-00 00:00:00.000000'),
(141, '2018-03-21 10:21:18.000000', 'Mithila', '90aml4605ka4b0a0the084p8u3', '0000-00-00 00:00:00.000000'),
(142, '2018-03-21 10:21:28.000000', 'Rashani', 'jdebpgsoh43c8l475cniaivj23', '0000-00-00 00:00:00.000000'),
(143, '2018-03-21 10:22:12.000000', 'NADEEKA', '7ci6rt9cg12trt8ufvnd359a17', '0000-00-00 00:00:00.000000'),
(144, '2018-03-21 10:23:50.000000', 'ruwan', 'r1ecni9d3vova41cvg2cq1r5p6', '0000-00-00 00:00:00.000000'),
(145, '2018-03-21 10:24:02.000000', 'Vishnukaran', 'rkpdo1rdcov0biss5a41g901k0', '0000-00-00 00:00:00.000000'),
(146, '2018-03-21 10:24:02.000000', 'Vishnukaran', 'p0cjvltid0rrtc26ehvev9te23', '0000-00-00 00:00:00.000000'),
(147, '2018-03-21 10:24:03.000000', 'Vishnukaran', '0pmf5ddudsse7cd7vigbr2ijd7', '2018-03-21 10:39:17.000000'),
(148, '2018-03-21 10:26:04.000000', 'Bandara', '1viegd9k0u7c6hbdo4pq2jkk13', '0000-00-00 00:00:00.000000'),
(149, '2018-03-21 10:26:43.000000', 'Vishnukaran', '0pmf5ddudsse7cd7vigbr2ijd7', '2018-03-21 10:39:17.000000'),
(150, '2018-03-21 10:26:47.000000', 'Nafoortaab', 'da3l1lsoroo8hv0pmmdu8goq73', '0000-00-00 00:00:00.000000'),
(151, '2018-03-21 10:27:12.000000', 'Nishani', '1irofmhhbjjfo0gd7jk6p72l01', '0000-00-00 00:00:00.000000'),
(152, '2018-03-21 10:29:40.000000', 'Lasantha_RP', '4bmha1i813ljcko5ueuu4or2t7', '0000-00-00 00:00:00.000000'),
(153, '2018-03-21 10:30:56.000000', 'suki', 'ema7aiot6docam526p8odkd174', '0000-00-00 00:00:00.000000'),
(154, '2018-03-21 10:31:07.000000', 'Mithila', '90aml4605ka4b0a0the084p8u3', '0000-00-00 00:00:00.000000'),
(155, '2018-03-21 10:31:45.000000', 'Lasantha_RP', '4bmha1i813ljcko5ueuu4or2t7', '0000-00-00 00:00:00.000000'),
(156, '2018-03-21 10:31:49.000000', 'IsharaAbeywardhana ', 'f9427d52oh86fsupc3chm89vf0', '0000-00-00 00:00:00.000000'),
(157, '2018-03-21 10:31:52.000000', 'ManashaTAAB', 'vt8ro5eeb6u9v9mfu7gadr1dm0', '0000-00-00 00:00:00.000000'),
(158, '2018-03-21 10:32:01.000000', 'afras.afras', '6melu3kbjb9v709hglbi4kb3h3', '0000-00-00 00:00:00.000000'),
(159, '2018-03-21 10:32:02.000000', 'Nishani', '1irofmhhbjjfo0gd7jk6p72l01', '0000-00-00 00:00:00.000000'),
(160, '2018-03-21 10:32:47.000000', 'Nafoortaab', 'da3l1lsoroo8hv0pmmdu8goq73', '0000-00-00 00:00:00.000000'),
(161, '2018-03-21 10:33:17.000000', 'suki', 'ema7aiot6docam526p8odkd174', '0000-00-00 00:00:00.000000'),
(162, '2018-03-21 10:33:47.000000', 'jameel', 'u1240htoia3j08u2el5ptqhc64', '0000-00-00 00:00:00.000000'),
(163, '2018-03-21 10:34:21.000000', 'RIYAL CAB', 'ht4m6rr8vkaes3okcgpdkpdqb7', '0000-00-00 00:00:00.000000'),
(164, '2018-03-21 10:34:39.000000', 'nirmana', 'lgicepmv2o0vdtd7224cqm1sp7', '0000-00-00 00:00:00.000000'),
(165, '2018-03-21 10:34:39.000000', 'Malinda Wijesuriya', 'ibou98rkqvpti94h9f697uq6k6', '0000-00-00 00:00:00.000000'),
(166, '2018-03-21 10:35:09.000000', 'Liyinthan', 'gph7j8usl575p4odqivsib6ab2', '0000-00-00 00:00:00.000000'),
(167, '2018-03-21 10:35:34.000000', 'kmmaduranga', 'm6fihh92v7e4nl798bsgirabs4', '0000-00-00 00:00:00.000000'),
(168, '2018-03-21 10:36:26.000000', 'tmroomy', 'os3rhk6rv7v5vrva0pbdtemga1', '0000-00-00 00:00:00.000000'),
(169, '2018-03-21 10:36:40.000000', 'Lasantha_RP', '4bmha1i813ljcko5ueuu4or2t7', '0000-00-00 00:00:00.000000'),
(170, '2018-03-21 10:37:10.000000', 'chathura-rp', '1goqdoij2l05n43f8kr8p24jt7', '0000-00-00 00:00:00.000000'),
(171, '2018-03-21 10:37:12.000000', 'Madurangataab', 'e1qt7b30i30usu313tj1b66e36', '0000-00-00 00:00:00.000000'),
(172, '2018-03-21 10:37:39.000000', 'Harshagap', 'uii8g5cpvabnmi8o8kif8rmp85', '0000-00-00 00:00:00.000000'),
(173, '2018-03-21 10:37:51.000000', 'Samilham', 'ksgnm4lm0eitle5q4htl2tmdl7', '0000-00-00 00:00:00.000000'),
(174, '2018-03-21 10:37:58.000000', 'Mithila', '90aml4605ka4b0a0the084p8u3', '0000-00-00 00:00:00.000000'),
(175, '2018-03-21 10:38:45.000000', 'Diluka', 'vf6eu09mrq0ut39928d122k1a3', '0000-00-00 00:00:00.000000'),
(176, '2018-03-21 10:39:04.000000', 'suki', 'ema7aiot6docam526p8odkd174', '0000-00-00 00:00:00.000000'),
(177, '2018-03-21 10:39:06.000000', 'Vishnukaran', '0pmf5ddudsse7cd7vigbr2ijd7', '2018-03-21 10:39:17.000000'),
(178, '2018-03-21 10:39:23.000000', 'Samilham', 'ksgnm4lm0eitle5q4htl2tmdl7', '0000-00-00 00:00:00.000000'),
(179, '2018-03-21 10:39:53.000000', 'Nafoortaab', 'da3l1lsoroo8hv0pmmdu8goq73', '0000-00-00 00:00:00.000000'),
(180, '2018-03-21 10:40:42.000000', 'Gayan kalinga', 'c3sf1nrdi6l0t0gasl3da51ef1', '0000-00-00 00:00:00.000000'),
(181, '2018-03-21 10:41:14.000000', 'indika ', '6eu6fom6b1ldj0vmaavb2st1o6', '0000-00-00 00:00:00.000000'),
(182, '2018-03-21 10:41:18.000000', 'Ayeshmi', 'uh7gmlojkcd4gddo1ovorq5oa4', '2018-03-21 11:19:45.000000'),
(183, '2018-03-21 10:41:21.000000', 'afras.afras', '6melu3kbjb9v709hglbi4kb3h3', '0000-00-00 00:00:00.000000'),
(184, '2018-03-21 10:42:41.000000', 'chaminda', 'bkq3fbj3veak4qnprsfq9h8bc2', '0000-00-00 00:00:00.000000'),
(185, '2018-03-21 10:43:50.000000', 'Nalindissanayaka', 'ogrgqnej8emt04lnldm4o7k995', '0000-00-00 00:00:00.000000'),
(186, '2018-03-21 10:43:50.000000', 'samarasinghe', 'jf7l0kuc65gbg9gub6e195ep23', '0000-00-00 00:00:00.000000'),
(187, '2018-03-21 10:44:16.000000', 'Samancab', 'ihf38r7hpe8hremcb3dlim0eg2', '0000-00-00 00:00:00.000000'),
(188, '2018-03-21 10:48:33.000000', 'ais', 'hkip9aimidmqv7mb4tqqhsoa86', '0000-00-00 00:00:00.000000'),
(189, '2018-03-21 10:58:09.000000', 'Bandulaistaweera', '1el3bc1570nip41617kl3kn9k1', '0000-00-00 00:00:00.000000'),
(190, '2018-03-21 10:59:34.000000', 'Bandulaistaweera', '1el3bc1570nip41617kl3kn9k1', '0000-00-00 00:00:00.000000'),
(191, '2018-03-21 11:00:17.000000', 'nihalajith', 'u0h4de1f4o2r0oh4tlueu70de6', '0000-00-00 00:00:00.000000'),
(192, '2018-03-21 11:02:18.000000', 'Vishnukaran', '0pmf5ddudsse7cd7vigbr2ijd7', '0000-00-00 00:00:00.000000'),
(193, '2018-03-21 11:03:02.000000', 'Ayeshmi', '791risiu4dvnvidpu2hqfcsd14', '0000-00-00 00:00:00.000000'),
(194, '2018-03-21 11:04:14.000000', 'RENUKAIRIYAGOLLA', '7l36197vhmjvoagf84o5n9mdt1', '0000-00-00 00:00:00.000000'),
(195, '2018-03-21 11:04:26.000000', 'IsharaAbeywardhana ', 'uh7gmlojkcd4gddo1ovorq5oa4', '2018-03-21 11:19:45.000000'),
(196, '2018-03-21 11:05:44.000000', 'Liyinthan', 'gph7j8usl575p4odqivsib6ab2', '0000-00-00 00:00:00.000000'),
(197, '2018-03-21 11:06:15.000000', 'Sameera', 'd4kcb663mr2r8srbfa1vq68fm4', '0000-00-00 00:00:00.000000'),
(198, '2018-03-21 11:06:47.000000', 'Samantha', '7v48utug7mograi9r6un6mh3r3', '0000-00-00 00:00:00.000000'),
(199, '2018-03-21 11:07:07.000000', 'ManashaTAAB', 'vt8ro5eeb6u9v9mfu7gadr1dm0', '0000-00-00 00:00:00.000000'),
(200, '2018-03-21 11:07:28.000000', 'Amila', 'rs3d7bpifjq6q875uend68lts6', '0000-00-00 00:00:00.000000'),
(201, '2018-03-21 11:08:06.000000', 'suresh', '9c9563v2fdtud3adgtgft11ho7', '0000-00-00 00:00:00.000000'),
(202, '2018-03-21 11:08:18.000000', 'Bandara', '1viegd9k0u7c6hbdo4pq2jkk13', '0000-00-00 00:00:00.000000'),
(203, '2018-03-21 11:08:31.000000', 'Lakmal', 'qp6ibauttk2jn751v8mvvkgd71', '0000-00-00 00:00:00.000000'),
(204, '2018-03-21 11:08:41.000000', 'afras.afras', '6melu3kbjb9v709hglbi4kb3h3', '0000-00-00 00:00:00.000000'),
(205, '2018-03-21 11:08:41.000000', 'Palitha6076348', '9mfevch0bcu1ug88qckl4kg5g5', '0000-00-00 00:00:00.000000'),
(206, '2018-03-21 11:08:44.000000', 'Madurangataab', 'e1qt7b30i30usu313tj1b66e36', '0000-00-00 00:00:00.000000'),
(207, '2018-03-21 11:08:55.000000', 'Samantha', '7v48utug7mograi9r6un6mh3r3', '0000-00-00 00:00:00.000000'),
(208, '2018-03-21 11:09:01.000000', 'chinthaka-RPB', '87sur41u169bvtjvvigmh8ppr3', '0000-00-00 00:00:00.000000'),
(209, '2018-03-21 11:09:13.000000', 'ManashaTAAB', 'vt8ro5eeb6u9v9mfu7gadr1dm0', '0000-00-00 00:00:00.000000'),
(210, '2018-03-21 11:09:27.000000', 'afras.afras', '6melu3kbjb9v709hglbi4kb3h3', '0000-00-00 00:00:00.000000'),
(211, '2018-03-21 11:09:30.000000', 'RENUKAIRIYAGOLLA', '7l36197vhmjvoagf84o5n9mdt1', '0000-00-00 00:00:00.000000'),
(212, '2018-03-21 11:09:53.000000', 'Admin123', 'gnbcm2iq7au0eb1roa8v677rs1', '0000-00-00 00:00:00.000000'),
(213, '2018-03-21 11:09:54.000000', 'Dimuthu ', '9oe7um1ptq7sv8dqsbp5v7r0s7', '0000-00-00 00:00:00.000000'),
(214, '2018-03-21 11:09:59.000000', 'Abey7103', 'fiukib7im0jqlqlgsal6h2cnd5', '0000-00-00 00:00:00.000000'),
(215, '2018-03-21 11:10:03.000000', 'nirmana', 'lgicepmv2o0vdtd7224cqm1sp7', '0000-00-00 00:00:00.000000'),
(216, '2018-03-21 11:10:04.000000', 'Kamil', 'ep9bi35pnug0f0obph9pr569q7', '2018-03-21 12:03:06.000000'),
(217, '2018-03-21 11:10:04.000000', 'admin1', '2l7t9544ad31l9m8jr2g7g3k73', '2018-03-21 15:47:29.000000'),
(218, '2018-03-21 11:10:04.000000', 'Kamil', 'ep9bi35pnug0f0obph9pr569q7', '2018-03-21 12:03:06.000000'),
(219, '2018-03-21 11:10:12.000000', 'kmmaduranga', 'm6fihh92v7e4nl798bsgirabs4', '0000-00-00 00:00:00.000000'),
(220, '2018-03-21 11:10:30.000000', 'priyantha', 'tc6evm9g197mjfh36pq3bd9293', '0000-00-00 00:00:00.000000'),
(221, '2018-03-21 11:10:34.000000', 'Nishani', '1irofmhhbjjfo0gd7jk6p72l01', '0000-00-00 00:00:00.000000'),
(222, '2018-03-21 11:10:43.000000', 'Kamil', 'ep9bi35pnug0f0obph9pr569q7', '2018-03-21 12:03:06.000000'),
(223, '2018-03-21 11:11:00.000000', 'Madurangataab', 'e1qt7b30i30usu313tj1b66e36', '0000-00-00 00:00:00.000000'),
(224, '2018-03-21 11:11:07.000000', 'ManashaTAAB', 'vt8ro5eeb6u9v9mfu7gadr1dm0', '0000-00-00 00:00:00.000000'),
(225, '2018-03-21 11:11:14.000000', 'Samancab', 'ihf38r7hpe8hremcb3dlim0eg2', '0000-00-00 00:00:00.000000'),
(226, '2018-03-21 11:11:15.000000', 'Dimuthu ', '9oe7um1ptq7sv8dqsbp5v7r0s7', '0000-00-00 00:00:00.000000'),
(227, '2018-03-21 11:11:21.000000', 'Zsiyada', '93pj46higos1sj0o5jb5n6kid0', '0000-00-00 00:00:00.000000'),
(228, '2018-03-21 11:11:21.000000', 'Zsiyada', '93pj46higos1sj0o5jb5n6kid0', '0000-00-00 00:00:00.000000'),
(229, '2018-03-21 11:11:21.000000', 'Additional director', '0bgdrl4mrc574l37csb3ej9bh1', '0000-00-00 00:00:00.000000'),
(230, '2018-03-21 11:12:04.000000', 'Lakmal', 'qp6ibauttk2jn751v8mvvkgd71', '0000-00-00 00:00:00.000000'),
(231, '2018-03-21 11:12:32.000000', 'athulabandara', '9rpbgkvm3oc6sk0oigrlm59aj6', '0000-00-00 00:00:00.000000'),
(232, '2018-03-21 11:13:48.000000', 'athulabandara', '9rpbgkvm3oc6sk0oigrlm59aj6', '0000-00-00 00:00:00.000000'),
(233, '2018-03-21 11:14:06.000000', 'RasikaSanjiwaPerera', 'elaua4nbu5ur9rv4gdji847505', '2018-03-21 15:21:38.000000'),
(234, '2018-03-21 11:15:39.000000', 'Kamil', 'ep9bi35pnug0f0obph9pr569q7', '2018-03-21 12:03:06.000000'),
(235, '2018-03-21 11:16:01.000000', 'SankaCAB', 'qquk8r5g5qb1vd9sluvg1iiu04', '0000-00-00 00:00:00.000000'),
(236, '2018-03-21 11:16:33.000000', 'dhammi', '5elrbq9ofurnpi2h9kvlpf8s71', '0000-00-00 00:00:00.000000'),
(237, '2018-03-21 11:16:58.000000', 'nihalajith', 'u0h4de1f4o2r0oh4tlueu70de6', '0000-00-00 00:00:00.000000'),
(238, '2018-03-21 11:17:17.000000', 'RENUKAIRIYAGOLLA', '7l36197vhmjvoagf84o5n9mdt1', '0000-00-00 00:00:00.000000'),
(239, '2018-03-21 11:17:32.000000', 'RasikaSanjiwaPerera', 'elaua4nbu5ur9rv4gdji847505', '2018-03-21 15:21:38.000000'),
(240, '2018-03-21 11:17:58.000000', 'chirantha', 'vrbihrhn7nq5rngd8hcqc4cdt7', '0000-00-00 00:00:00.000000'),
(241, '2018-03-21 11:18:18.000000', 'nihalajith', 'u0h4de1f4o2r0oh4tlueu70de6', '0000-00-00 00:00:00.000000'),
(242, '2018-03-21 11:18:59.000000', 'nirmana', 'lgicepmv2o0vdtd7224cqm1sp7', '0000-00-00 00:00:00.000000'),
(243, '2018-03-21 11:19:03.000000', 'dhammi', '5elrbq9ofurnpi2h9kvlpf8s71', '0000-00-00 00:00:00.000000'),
(244, '2018-03-21 11:19:07.000000', 'Indunil', '8fae7945orv1afdn2di42562b1', '0000-00-00 00:00:00.000000'),
(245, '2018-03-21 11:19:17.000000', 'IsharaAbeywardhana ', 'uh7gmlojkcd4gddo1ovorq5oa4', '2018-03-21 11:19:45.000000'),
(246, '2018-03-21 11:19:33.000000', 'IsharaAbeywardhana ', 'f9427d52oh86fsupc3chm89vf0', '0000-00-00 00:00:00.000000'),
(247, '2018-03-21 11:20:07.000000', 'palitha6076348', '9mfevch0bcu1ug88qckl4kg5g5', '0000-00-00 00:00:00.000000'),
(248, '2018-03-21 11:20:18.000000', 'chirantha', 'vrbihrhn7nq5rngd8hcqc4cdt7', '0000-00-00 00:00:00.000000'),
(249, '2018-03-21 11:20:56.000000', 'priyantha', 'tc6evm9g197mjfh36pq3bd9293', '0000-00-00 00:00:00.000000'),
(250, '2018-03-21 11:21:14.000000', 'nihalajith', 'u0h4de1f4o2r0oh4tlueu70de6', '0000-00-00 00:00:00.000000'),
(251, '2018-03-21 11:21:54.000000', 'chinthaka-RPB', '87sur41u169bvtjvvigmh8ppr3', '0000-00-00 00:00:00.000000'),
(252, '2018-03-21 11:22:01.000000', 'kmmaduranga', 'm6fihh92v7e4nl798bsgirabs4', '0000-00-00 00:00:00.000000'),
(253, '2018-03-21 11:22:06.000000', 'chathura-rp', '1goqdoij2l05n43f8kr8p24jt7', '0000-00-00 00:00:00.000000'),
(254, '2018-03-21 11:23:34.000000', 'Chamari', 'pd91apf3r6il3tggtgv1edkqc5', '0000-00-00 00:00:00.000000'),
(255, '2018-03-21 11:23:45.000000', 'afras.afras', '6melu3kbjb9v709hglbi4kb3h3', '0000-00-00 00:00:00.000000'),
(256, '2018-03-21 11:24:29.000000', 'Admin123', 'iqu4cdlv0mv7v1qvecrf7ht184', '2018-03-21 13:01:20.000000'),
(257, '2018-03-21 11:24:48.000000', 'chaminda', 'bkq3fbj3veak4qnprsfq9h8bc2', '0000-00-00 00:00:00.000000'),
(258, '2018-03-21 11:25:34.000000', 'Lasantha_RP', '4bmha1i813ljcko5ueuu4or2t7', '0000-00-00 00:00:00.000000'),
(259, '2018-03-21 11:27:18.000000', 'Lakmal', 'qp6ibauttk2jn751v8mvvkgd71', '0000-00-00 00:00:00.000000'),
(260, '2018-03-21 11:27:34.000000', 'liyinthan', 'gph7j8usl575p4odqivsib6ab2', '0000-00-00 00:00:00.000000'),
(261, '2018-03-21 11:27:53.000000', 'Mithila', '90aml4605ka4b0a0the084p8u3', '0000-00-00 00:00:00.000000'),
(262, '2018-03-21 11:28:22.000000', 'indika ', '6eu6fom6b1ldj0vmaavb2st1o6', '0000-00-00 00:00:00.000000'),
(263, '2018-03-21 11:28:47.000000', 'jameel', 'u1240htoia3j08u2el5ptqhc64', '0000-00-00 00:00:00.000000'),
(264, '2018-03-21 11:29:00.000000', 'Bandara', '1viegd9k0u7c6hbdo4pq2jkk13', '0000-00-00 00:00:00.000000'),
(265, '2018-03-21 11:29:15.000000', 'ManashaTAAB', 'vt8ro5eeb6u9v9mfu7gadr1dm0', '0000-00-00 00:00:00.000000'),
(266, '2018-03-21 11:29:30.000000', 'nihalajith', 'u0h4de1f4o2r0oh4tlueu70de6', '0000-00-00 00:00:00.000000'),
(267, '2018-03-21 11:30:51.000000', 'athulanarayana', 'mqphh6k7ahn4g2akukikhgeat6', '0000-00-00 00:00:00.000000'),
(268, '2018-03-21 11:31:12.000000', 'Malinda Wijesuriya', 'ibou98rkqvpti94h9f697uq6k6', '0000-00-00 00:00:00.000000'),
(269, '2018-03-21 11:31:15.000000', 'afras.afras', '6melu3kbjb9v709hglbi4kb3h3', '0000-00-00 00:00:00.000000'),
(270, '2018-03-21 11:32:11.000000', 'nihalajith', 'u0h4de1f4o2r0oh4tlueu70de6', '0000-00-00 00:00:00.000000'),
(271, '2018-03-21 11:32:19.000000', 'Ayeshmi', '791risiu4dvnvidpu2hqfcsd14', '0000-00-00 00:00:00.000000'),
(272, '2018-03-21 11:32:37.000000', 'nafees', 'd01mp60f2ee4fjsa46s0vc5196', '0000-00-00 00:00:00.000000'),
(273, '2018-03-21 11:32:57.000000', 'Dimuthu ', '9oe7um1ptq7sv8dqsbp5v7r0s7', '0000-00-00 00:00:00.000000'),
(274, '2018-03-21 11:34:41.000000', 'RENUKAIRIYAGOLLA', '7l36197vhmjvoagf84o5n9mdt1', '0000-00-00 00:00:00.000000'),
(275, '2018-03-21 11:36:16.000000', 'Vishnukaran', '0pmf5ddudsse7cd7vigbr2ijd7', '0000-00-00 00:00:00.000000'),
(276, '2018-03-21 11:36:58.000000', 'suki', 'ema7aiot6docam526p8odkd174', '0000-00-00 00:00:00.000000'),
(277, '2018-03-21 11:37:00.000000', 'Dimuthu', '9oe7um1ptq7sv8dqsbp5v7r0s7', '0000-00-00 00:00:00.000000'),
(278, '2018-03-21 11:37:03.000000', 'chinthaka-RPB', '87sur41u169bvtjvvigmh8ppr3', '0000-00-00 00:00:00.000000'),
(279, '2018-03-21 11:37:50.000000', 'Darshika', 'rugc5al2v780pu2mpetaskblv2', '0000-00-00 00:00:00.000000'),
(280, '2018-03-21 11:37:59.000000', 'Vishnukaran', '0pmf5ddudsse7cd7vigbr2ijd7', '0000-00-00 00:00:00.000000'),
(281, '2018-03-21 11:39:03.000000', 'Nafoortaab', 'da3l1lsoroo8hv0pmmdu8goq73', '0000-00-00 00:00:00.000000'),
(282, '2018-03-21 11:40:21.000000', 'Mithila', '90aml4605ka4b0a0the084p8u3', '0000-00-00 00:00:00.000000'),
(283, '2018-03-21 11:40:47.000000', 'Gayan kalinga', 'c3sf1nrdi6l0t0gasl3da51ef1', '0000-00-00 00:00:00.000000'),
(284, '2018-03-21 11:41:10.000000', 'Bandulaistaweera', 'vqlt2rs4nngvon7ad63rca4gv7', '0000-00-00 00:00:00.000000'),
(285, '2018-03-21 11:42:03.000000', 'samarasinghe', 'jf7l0kuc65gbg9gub6e195ep23', '0000-00-00 00:00:00.000000'),
(286, '2018-03-21 11:42:25.000000', 'Nafoortaab', 'da3l1lsoroo8hv0pmmdu8goq73', '0000-00-00 00:00:00.000000'),
(287, '2018-03-21 11:42:43.000000', 'nafees', 'd01mp60f2ee4fjsa46s0vc5196', '0000-00-00 00:00:00.000000'),
(288, '2018-03-21 11:42:54.000000', 'Darshika', 'rugc5al2v780pu2mpetaskblv2', '0000-00-00 00:00:00.000000'),
(289, '2018-03-21 11:43:05.000000', 'ruwan', 'r1ecni9d3vova41cvg2cq1r5p6', '0000-00-00 00:00:00.000000'),
(290, '2018-03-21 11:43:05.000000', 'ruwan', 'r1ecni9d3vova41cvg2cq1r5p6', '0000-00-00 00:00:00.000000'),
(291, '2018-03-21 11:43:37.000000', 'suki', 'ema7aiot6docam526p8odkd174', '0000-00-00 00:00:00.000000'),
(292, '2018-03-21 11:43:45.000000', 'liyinthan', 'gph7j8usl575p4odqivsib6ab2', '0000-00-00 00:00:00.000000'),
(293, '2018-03-21 11:44:25.000000', 'samantha', 'oe46jpu620lddedfqdlfebh663', '0000-00-00 00:00:00.000000'),
(294, '2018-03-21 11:44:36.000000', 'Geeganage-n', '42u9vsart0rp527suimbrseo63', '0000-00-00 00:00:00.000000'),
(295, '2018-03-21 11:44:58.000000', 'indika ', '6eu6fom6b1ldj0vmaavb2st1o6', '0000-00-00 00:00:00.000000'),
(296, '2018-03-21 11:45:00.000000', 'chathura-rp', '1goqdoij2l05n43f8kr8p24jt7', '0000-00-00 00:00:00.000000'),
(297, '2018-03-21 11:45:53.000000', 'Nafoortaab', 'da3l1lsoroo8hv0pmmdu8goq73', '0000-00-00 00:00:00.000000'),
(298, '2018-03-21 11:45:58.000000', 'Vishnukaran', '0pmf5ddudsse7cd7vigbr2ijd7', '0000-00-00 00:00:00.000000'),
(299, '2018-03-21 11:46:22.000000', 'IsharaAbeywardhana ', 'f9427d52oh86fsupc3chm89vf0', '0000-00-00 00:00:00.000000'),
(300, '2018-03-21 11:46:31.000000', 'Gayan kalinga', 'c3sf1nrdi6l0t0gasl3da51ef1', '0000-00-00 00:00:00.000000'),
(301, '2018-03-21 11:46:35.000000', 'Diluka', 'vf6eu09mrq0ut39928d122k1a3', '0000-00-00 00:00:00.000000'),
(302, '2018-03-21 11:46:44.000000', 'Ayeshmi', '791risiu4dvnvidpu2hqfcsd14', '0000-00-00 00:00:00.000000'),
(303, '2018-03-21 11:46:48.000000', 'samarasinghe', 'jf7l0kuc65gbg9gub6e195ep23', '0000-00-00 00:00:00.000000'),
(304, '2018-03-21 11:46:57.000000', 'Sameera', 'd4kcb663mr2r8srbfa1vq68fm4', '0000-00-00 00:00:00.000000'),
(305, '2018-03-21 11:49:21.000000', 'Rashani', 'jdebpgsoh43c8l475cniaivj23', '0000-00-00 00:00:00.000000'),
(306, '2018-03-21 11:49:40.000000', 'Mithila', '90aml4605ka4b0a0the084p8u3', '0000-00-00 00:00:00.000000'),
(307, '2018-03-21 11:50:02.000000', 'liyinthan', 'gph7j8usl575p4odqivsib6ab2', '0000-00-00 00:00:00.000000'),
(308, '2018-03-21 11:50:21.000000', 'Harshagap', 'uii8g5cpvabnmi8o8kif8rmp85', '0000-00-00 00:00:00.000000'),
(309, '2018-03-21 11:51:49.000000', 'Nishani', '1irofmhhbjjfo0gd7jk6p72l01', '0000-00-00 00:00:00.000000'),
(310, '2018-03-21 11:51:51.000000', 'Ayeshmi', '791risiu4dvnvidpu2hqfcsd14', '0000-00-00 00:00:00.000000'),
(311, '2018-03-21 11:52:12.000000', 'Admin123', 'iqu4cdlv0mv7v1qvecrf7ht184', '2018-03-21 13:01:20.000000'),
(312, '2018-03-21 11:52:12.000000', 'nihalajith', 'u0h4de1f4o2r0oh4tlueu70de6', '0000-00-00 00:00:00.000000'),
(313, '2018-03-21 11:52:59.000000', 'Mithila', '90aml4605ka4b0a0the084p8u3', '0000-00-00 00:00:00.000000'),
(314, '2018-03-21 11:53:21.000000', 'IsharaAbeywardhana ', 'f9427d52oh86fsupc3chm89vf0', '0000-00-00 00:00:00.000000'),
(315, '2018-03-21 11:53:40.000000', 'Chamari', 'pd91apf3r6il3tggtgv1edkqc5', '0000-00-00 00:00:00.000000'),
(316, '2018-03-21 11:53:45.000000', 'Kamil', 'ep9bi35pnug0f0obph9pr569q7', '2018-03-21 12:03:06.000000'),
(317, '2018-03-21 11:53:49.000000', 'Darshika', 'rugc5al2v780pu2mpetaskblv2', '0000-00-00 00:00:00.000000'),
(318, '2018-03-21 11:55:02.000000', 'indika ', '6eu6fom6b1ldj0vmaavb2st1o6', '0000-00-00 00:00:00.000000'),
(319, '2018-03-21 11:56:27.000000', 'RENUKAIRIYAGOLLA', '7l36197vhmjvoagf84o5n9mdt1', '0000-00-00 00:00:00.000000'),
(320, '2018-03-21 11:56:37.000000', 'chinthaka-RPB', '87sur41u169bvtjvvigmh8ppr3', '0000-00-00 00:00:00.000000'),
(321, '2018-03-21 11:57:16.000000', 'Lakmal', 'qp6ibauttk2jn751v8mvvkgd71', '0000-00-00 00:00:00.000000'),
(322, '2018-03-21 11:57:57.000000', 'nafees', 'd01mp60f2ee4fjsa46s0vc5196', '0000-00-00 00:00:00.000000'),
(323, '2018-03-21 11:59:08.000000', 'IsharaAbeywardhana ', 'f9427d52oh86fsupc3chm89vf0', '0000-00-00 00:00:00.000000'),
(324, '2018-03-21 12:00:09.000000', 'liyinthan', 'gph7j8usl575p4odqivsib6ab2', '0000-00-00 00:00:00.000000'),
(325, '2018-03-21 12:00:55.000000', 'anushka.dissanayake', 'jcp57vruveu31arh1tadtngji0', '0000-00-00 00:00:00.000000'),
(326, '2018-03-21 12:01:34.000000', 'manoj', '199sk2dtcrsiu45qs4hcqmp0l5', '0000-00-00 00:00:00.000000'),
(327, '2018-03-21 12:01:45.000000', 'ManashaTAAB ', 'vt8ro5eeb6u9v9mfu7gadr1dm0', '0000-00-00 00:00:00.000000'),
(328, '2018-03-21 12:02:39.000000', 'palitha6076348', '9mfevch0bcu1ug88qckl4kg5g5', '0000-00-00 00:00:00.000000'),
(329, '2018-03-21 12:02:55.000000', 'chirantha', 'vrbihrhn7nq5rngd8hcqc4cdt7', '0000-00-00 00:00:00.000000'),
(330, '2018-03-21 12:03:15.000000', 'liyinthan', 'gph7j8usl575p4odqivsib6ab2', '0000-00-00 00:00:00.000000'),
(331, '2018-03-21 12:03:45.000000', 'Malinda Wijesuriya', 'ibou98rkqvpti94h9f697uq6k6', '0000-00-00 00:00:00.000000'),
(332, '2018-03-21 12:04:01.000000', 'Ayeshmi', '791risiu4dvnvidpu2hqfcsd14', '0000-00-00 00:00:00.000000'),
(333, '2018-03-21 12:04:04.000000', 'Kamil', 'ep9bi35pnug0f0obph9pr569q7', '0000-00-00 00:00:00.000000'),
(334, '2018-03-21 12:05:17.000000', 'RasikaSanjiwaPerera', 'elaua4nbu5ur9rv4gdji847505', '2018-03-21 15:21:38.000000'),
(335, '2018-03-21 12:05:18.000000', 'jameel', '7d2augclksjo2q3nca51bqc603', '0000-00-00 00:00:00.000000'),
(336, '2018-03-21 12:05:35.000000', 'Darshika', 'rugc5al2v780pu2mpetaskblv2', '0000-00-00 00:00:00.000000'),
(337, '2018-03-21 12:05:37.000000', 'Niluka Harischandra ', 'a51ajp4nr3gsn56eu7vbngbu23', '0000-00-00 00:00:00.000000'),
(338, '2018-03-21 12:05:47.000000', 'Mithila', '90aml4605ka4b0a0the084p8u3', '0000-00-00 00:00:00.000000'),
(339, '2018-03-21 12:06:31.000000', 'Nishani', '1irofmhhbjjfo0gd7jk6p72l01', '0000-00-00 00:00:00.000000'),
(340, '2018-03-21 12:06:43.000000', 'chinthaka-RPB', '87sur41u169bvtjvvigmh8ppr3', '0000-00-00 00:00:00.000000'),
(341, '2018-03-21 12:07:59.000000', 'Thiru', '9l65133e5jolm728q9g6n8u727', '0000-00-00 00:00:00.000000'),
(342, '2018-03-21 12:08:02.000000', 'IsharaAbeywardhana ', 'f9427d52oh86fsupc3chm89vf0', '0000-00-00 00:00:00.000000'),
(343, '2018-03-21 12:08:03.000000', 'chathura-rp', '1goqdoij2l05n43f8kr8p24jt7', '0000-00-00 00:00:00.000000'),
(344, '2018-03-21 12:08:08.000000', 'suresh', '9c9563v2fdtud3adgtgft11ho7', '0000-00-00 00:00:00.000000'),
(345, '2018-03-21 12:08:42.000000', 'nafees', 'd01mp60f2ee4fjsa46s0vc5196', '0000-00-00 00:00:00.000000'),
(346, '2018-03-21 12:08:49.000000', 'Amila', 'rs3d7bpifjq6q875uend68lts6', '0000-00-00 00:00:00.000000'),
(347, '2018-03-21 12:09:09.000000', 'Sameera ', 'd4kcb663mr2r8srbfa1vq68fm4', '0000-00-00 00:00:00.000000'),
(348, '2018-03-21 12:09:22.000000', 'Thiru', '9l65133e5jolm728q9g6n8u727', '0000-00-00 00:00:00.000000'),
(349, '2018-03-21 12:09:45.000000', 'dhammi', '5elrbq9ofurnpi2h9kvlpf8s71', '0000-00-00 00:00:00.000000'),
(350, '2018-03-21 12:11:14.000000', 'Thiru', '9l65133e5jolm728q9g6n8u727', '0000-00-00 00:00:00.000000'),
(351, '2018-03-21 12:11:14.000000', 'Thiru', '9l65133e5jolm728q9g6n8u727', '0000-00-00 00:00:00.000000'),
(352, '2018-03-21 12:11:14.000000', 'Thiru', '9l65133e5jolm728q9g6n8u727', '0000-00-00 00:00:00.000000'),
(353, '2018-03-21 12:12:00.000000', 'Rashani', 'jdebpgsoh43c8l475cniaivj23', '0000-00-00 00:00:00.000000'),
(354, '2018-03-21 12:12:06.000000', 'Thiru', '9l65133e5jolm728q9g6n8u727', '0000-00-00 00:00:00.000000'),
(355, '2018-03-21 12:12:15.000000', 'chinthaka-RPB', '87sur41u169bvtjvvigmh8ppr3', '0000-00-00 00:00:00.000000'),
(356, '2018-03-21 12:12:25.000000', 'nhattanayaka', '8gctf9gil864ihsivekql7iqr1', '0000-00-00 00:00:00.000000'),
(357, '2018-03-21 12:13:28.000000', 'palitha6076348', '9mfevch0bcu1ug88qckl4kg5g5', '0000-00-00 00:00:00.000000'),
(358, '2018-03-21 12:14:58.000000', 'nafees', 'd01mp60f2ee4fjsa46s0vc5196', '0000-00-00 00:00:00.000000'),
(359, '2018-03-21 12:15:54.000000', 'nirmana', 'lgicepmv2o0vdtd7224cqm1sp7', '0000-00-00 00:00:00.000000'),
(360, '2018-03-21 12:16:03.000000', 'RIYAL CAB', 'ht4m6rr8vkaes3okcgpdkpdqb7', '0000-00-00 00:00:00.000000'),
(361, '2018-03-21 12:16:15.000000', 'Malinda Wijesuriya', 'ibou98rkqvpti94h9f697uq6k6', '0000-00-00 00:00:00.000000'),
(362, '2018-03-21 12:16:55.000000', 'Rashani', 'jdebpgsoh43c8l475cniaivj23', '0000-00-00 00:00:00.000000'),
(363, '2018-03-21 12:17:10.000000', 'chirantha', 'vrbihrhn7nq5rngd8hcqc4cdt7', '0000-00-00 00:00:00.000000'),
(364, '2018-03-21 12:18:07.000000', 'athulanarayana', 'mqphh6k7ahn4g2akukikhgeat6', '0000-00-00 00:00:00.000000'),
(365, '2018-03-21 12:18:38.000000', 'dhammi', '5elrbq9ofurnpi2h9kvlpf8s71', '0000-00-00 00:00:00.000000'),
(366, '2018-03-21 12:19:45.000000', 'Samilham', 'ksgnm4lm0eitle5q4htl2tmdl7', '0000-00-00 00:00:00.000000'),
(367, '2018-03-21 12:20:05.000000', 'Abey7103', 'fiukib7im0jqlqlgsal6h2cnd5', '0000-00-00 00:00:00.000000'),
(368, '2018-03-21 12:20:19.000000', 'Nalindissanayaka', 'ogrgqnej8emt04lnldm4o7k995', '0000-00-00 00:00:00.000000'),
(369, '2018-03-21 12:21:35.000000', 'chirantha', 'vrbihrhn7nq5rngd8hcqc4cdt7', '0000-00-00 00:00:00.000000'),
(370, '2018-03-21 12:23:07.000000', 'Rashani', 'jdebpgsoh43c8l475cniaivj23', '0000-00-00 00:00:00.000000'),
(371, '2018-03-21 12:23:35.000000', 'Malinda Wijesuriya', 'ibou98rkqvpti94h9f697uq6k6', '0000-00-00 00:00:00.000000'),
(372, '2018-03-21 12:23:56.000000', 'Mithila', '90aml4605ka4b0a0the084p8u3', '0000-00-00 00:00:00.000000'),
(373, '2018-03-21 12:25:17.000000', 'Geeganage-n', '42u9vsart0rp527suimbrseo63', '0000-00-00 00:00:00.000000'),
(374, '2018-03-21 12:25:17.000000', 'Lakmal', 'qp6ibauttk2jn751v8mvvkgd71', '0000-00-00 00:00:00.000000'),
(375, '2018-03-21 12:26:20.000000', 'Indunil', '8fae7945orv1afdn2di42562b1', '0000-00-00 00:00:00.000000'),
(376, '2018-03-21 12:26:52.000000', 'Lasantha_RP', '4bmha1i813ljcko5ueuu4or2t7', '0000-00-00 00:00:00.000000'),
(377, '2018-03-21 12:27:04.000000', 'Ayeshmi', '791risiu4dvnvidpu2hqfcsd14', '0000-00-00 00:00:00.000000'),
(378, '2018-03-21 12:27:32.000000', 'nafees', 'd01mp60f2ee4fjsa46s0vc5196', '0000-00-00 00:00:00.000000'),
(379, '2018-03-21 12:27:32.000000', 'nirmana', 'lgicepmv2o0vdtd7224cqm1sp7', '0000-00-00 00:00:00.000000'),
(380, '2018-03-21 12:27:56.000000', 'Indunil', '8fae7945orv1afdn2di42562b1', '0000-00-00 00:00:00.000000'),
(381, '2018-03-21 12:28:37.000000', 'nafees', 'd01mp60f2ee4fjsa46s0vc5196', '0000-00-00 00:00:00.000000'),
(382, '2018-03-21 12:29:08.000000', 'Samilham', 'ksgnm4lm0eitle5q4htl2tmdl7', '0000-00-00 00:00:00.000000'),
(383, '2018-03-21 12:29:10.000000', 'Chamari', 'pd91apf3r6il3tggtgv1edkqc5', '0000-00-00 00:00:00.000000'),
(384, '2018-03-21 12:31:02.000000', 'Rashani', 'jdebpgsoh43c8l475cniaivj23', '0000-00-00 00:00:00.000000'),
(385, '2018-03-21 12:31:29.000000', 'IsharaAbeywardhana ', 'f9427d52oh86fsupc3chm89vf0', '0000-00-00 00:00:00.000000'),
(386, '2018-03-21 12:32:29.000000', 'IsharaAbeywardhana ', 'f9427d52oh86fsupc3chm89vf0', '0000-00-00 00:00:00.000000'),
(387, '2018-03-21 12:33:21.000000', 'Thiru', '9l65133e5jolm728q9g6n8u727', '0000-00-00 00:00:00.000000'),
(388, '2018-03-21 12:34:33.000000', 'suki', 'ema7aiot6docam526p8odkd174', '0000-00-00 00:00:00.000000'),
(389, '2018-03-21 12:34:33.000000', 'IsharaAbeywardhana ', 'f9427d52oh86fsupc3chm89vf0', '0000-00-00 00:00:00.000000'),
(390, '2018-03-21 12:34:36.000000', 'Chamari', 'pd91apf3r6il3tggtgv1edkqc5', '0000-00-00 00:00:00.000000'),
(391, '2018-03-21 12:34:39.000000', 'liyinthan', 'gph7j8usl575p4odqivsib6ab2', '0000-00-00 00:00:00.000000'),
(392, '2018-03-21 12:34:43.000000', 'Luckykumarawijeseksr', 'hn4vkcciimh9so2ohp7n7o85k5', '0000-00-00 00:00:00.000000'),
(393, '2018-03-21 12:35:13.000000', 'nafees', 'd01mp60f2ee4fjsa46s0vc5196', '0000-00-00 00:00:00.000000'),
(394, '2018-03-21 12:35:15.000000', 'Thiru', '9l65133e5jolm728q9g6n8u727', '0000-00-00 00:00:00.000000'),
(395, '2018-03-21 12:35:20.000000', 'RasikaSanjiwaPerera', 'elaua4nbu5ur9rv4gdji847505', '2018-03-21 15:21:38.000000'),
(396, '2018-03-21 12:35:42.000000', 'Niluka Harischandra ', 'a51ajp4nr3gsn56eu7vbngbu23', '0000-00-00 00:00:00.000000'),
(397, '2018-03-21 12:35:54.000000', 'Ayeshmi', '791risiu4dvnvidpu2hqfcsd14', '0000-00-00 00:00:00.000000'),
(398, '2018-03-21 12:36:04.000000', 'samarasinghe', 'jf7l0kuc65gbg9gub6e195ep23', '0000-00-00 00:00:00.000000'),
(399, '2018-03-21 12:36:16.000000', 'chaminda', 'bkq3fbj3veak4qnprsfq9h8bc2', '0000-00-00 00:00:00.000000'),
(400, '2018-03-21 12:36:43.000000', 'Lakmal', 'qp6ibauttk2jn751v8mvvkgd71', '0000-00-00 00:00:00.000000'),
(401, '2018-03-21 12:37:39.000000', 'Bandulaistaweera', '1el3bc1570nip41617kl3kn9k1', '0000-00-00 00:00:00.000000'),
(402, '2018-03-21 12:37:58.000000', 'chirantha', 'vrbihrhn7nq5rngd8hcqc4cdt7', '0000-00-00 00:00:00.000000'),
(403, '2018-03-21 12:38:35.000000', 'Rashani', 'jdebpgsoh43c8l475cniaivj23', '0000-00-00 00:00:00.000000'),
(404, '2018-03-21 12:38:37.000000', 'RIYAL CAB', 'ht4m6rr8vkaes3okcgpdkpdqb7', '0000-00-00 00:00:00.000000'),
(405, '2018-03-21 12:38:47.000000', 'RasikaSanjiwaPerera', 'elaua4nbu5ur9rv4gdji847505', '2018-03-21 15:21:38.000000'),
(406, '2018-03-21 12:39:05.000000', 'Palitha6076348', '9mfevch0bcu1ug88qckl4kg5g5', '0000-00-00 00:00:00.000000'),
(407, '2018-03-21 12:40:17.000000', 'afras.afras', '6melu3kbjb9v709hglbi4kb3h3', '0000-00-00 00:00:00.000000'),
(408, '2018-03-21 12:40:31.000000', 'Niluka Harischandra ', '448lu07lrum7c3878gvk63oh63', '0000-00-00 00:00:00.000000'),
(409, '2018-03-21 12:41:05.000000', 'liyinthan', 'gph7j8usl575p4odqivsib6ab2', '0000-00-00 00:00:00.000000'),
(410, '2018-03-21 12:41:11.000000', 'Rashani', 'jdebpgsoh43c8l475cniaivj23', '0000-00-00 00:00:00.000000'),
(411, '2018-03-21 12:41:12.000000', 'jameel', '7d2augclksjo2q3nca51bqc603', '0000-00-00 00:00:00.000000'),
(412, '2018-03-21 12:41:16.000000', 'IsharaAbeywardhana ', 'f9427d52oh86fsupc3chm89vf0', '0000-00-00 00:00:00.000000'),
(413, '2018-03-21 12:41:48.000000', 'Ayeshmi', '791risiu4dvnvidpu2hqfcsd14', '0000-00-00 00:00:00.000000'),
(414, '2018-03-21 12:42:44.000000', 'IsharaAbeywardhana ', 'f9427d52oh86fsupc3chm89vf0', '0000-00-00 00:00:00.000000'),
(415, '2018-03-21 12:42:57.000000', 'chamari', 'pd91apf3r6il3tggtgv1edkqc5', '0000-00-00 00:00:00.000000'),
(416, '2018-03-21 12:42:58.000000', 'Lakmal', 'qp6ibauttk2jn751v8mvvkgd71', '0000-00-00 00:00:00.000000'),
(417, '2018-03-21 12:43:58.000000', 'ais', 'hkip9aimidmqv7mb4tqqhsoa86', '0000-00-00 00:00:00.000000'),
(418, '2018-03-21 12:44:06.000000', 'chinthaka-RPB', '87sur41u169bvtjvvigmh8ppr3', '0000-00-00 00:00:00.000000'),
(419, '2018-03-21 12:44:37.000000', 'athulanarayana', 'mqphh6k7ahn4g2akukikhgeat6', '0000-00-00 00:00:00.000000'),
(420, '2018-03-21 12:44:40.000000', 'ManashaTAAB ', 'vt8ro5eeb6u9v9mfu7gadr1dm0', '0000-00-00 00:00:00.000000'),
(421, '2018-03-21 12:46:17.000000', 'chinthaka-RPB', '87sur41u169bvtjvvigmh8ppr3', '0000-00-00 00:00:00.000000'),
(422, '2018-03-21 12:46:17.000000', 'Nalindissanayaka', 'ogrgqnej8emt04lnldm4o7k995', '0000-00-00 00:00:00.000000'),
(423, '2018-03-21 12:46:43.000000', 'Ayeshmi', '791risiu4dvnvidpu2hqfcsd14', '0000-00-00 00:00:00.000000'),
(424, '2018-03-21 12:46:44.000000', 'Vishnukaran', 'a3lafdocgfjn8obg6ndmrmppp5', '2018-03-22 12:35:44.000000'),
(425, '2018-03-21 12:48:18.000000', 'afras.afras', '6melu3kbjb9v709hglbi4kb3h3', '0000-00-00 00:00:00.000000'),
(426, '2018-03-21 12:49:48.000000', 'admin1', '2l7t9544ad31l9m8jr2g7g3k73', '2018-03-21 15:47:29.000000'),
(427, '2018-03-21 12:50:44.000000', 'chathura-rp', '1goqdoij2l05n43f8kr8p24jt7', '0000-00-00 00:00:00.000000'),
(428, '2018-03-21 12:50:49.000000', 'liyinthan', 'gph7j8usl575p4odqivsib6ab2', '0000-00-00 00:00:00.000000'),
(429, '2018-03-21 12:50:58.000000', 'IsharaAbeywardhana ', 'f9427d52oh86fsupc3chm89vf0', '0000-00-00 00:00:00.000000'),
(430, '2018-03-21 12:51:59.000000', 'Rashani', 'jdebpgsoh43c8l475cniaivj23', '0000-00-00 00:00:00.000000'),
(431, '2018-03-21 12:52:07.000000', 'afras.afras', '6melu3kbjb9v709hglbi4kb3h3', '0000-00-00 00:00:00.000000'),
(432, '2018-03-21 12:53:12.000000', 'liyinthan', 'gph7j8usl575p4odqivsib6ab2', '0000-00-00 00:00:00.000000'),
(433, '2018-03-21 12:53:23.000000', 'afras.afras', '6melu3kbjb9v709hglbi4kb3h3', '0000-00-00 00:00:00.000000'),
(434, '2018-03-21 12:53:48.000000', 'Nishani', 'ebckgem5m06qk3oeo308j2qsn4', '0000-00-00 00:00:00.000000'),
(435, '2018-03-21 12:54:42.000000', 'kmmaduranga', 'm6fihh92v7e4nl798bsgirabs4', '0000-00-00 00:00:00.000000'),
(436, '2018-03-21 12:55:53.000000', 'nafees', 'd01mp60f2ee4fjsa46s0vc5196', '0000-00-00 00:00:00.000000'),
(437, '2018-03-21 12:56:53.000000', 'kmmaduranga', 'm6fihh92v7e4nl798bsgirabs4', '0000-00-00 00:00:00.000000'),
(438, '2018-03-21 12:57:54.000000', 'nowsry', 's6lsfk8voben1rp2lugrhue892', '0000-00-00 00:00:00.000000'),
(439, '2018-03-21 12:58:36.000000', 'Bandara', '1viegd9k0u7c6hbdo4pq2jkk13', '0000-00-00 00:00:00.000000'),
(440, '2018-03-21 12:59:01.000000', 'Ayeshmi', '791risiu4dvnvidpu2hqfcsd14', '0000-00-00 00:00:00.000000'),
(441, '2018-03-21 12:59:17.000000', 'Vishnukaran', 'a3lafdocgfjn8obg6ndmrmppp5', '2018-03-22 12:35:44.000000'),
(442, '2018-03-21 12:59:27.000000', 'Chamari', 'pd91apf3r6il3tggtgv1edkqc5', '0000-00-00 00:00:00.000000'),
(443, '2018-03-21 12:59:29.000000', 'samarasinghe', 'jf7l0kuc65gbg9gub6e195ep23', '0000-00-00 00:00:00.000000'),
(444, '2018-03-21 13:00:09.000000', 'Thiru', '9l65133e5jolm728q9g6n8u727', '0000-00-00 00:00:00.000000'),
(445, '2018-03-21 13:00:47.000000', 'athulabandara', '9rpbgkvm3oc6sk0oigrlm59aj6', '0000-00-00 00:00:00.000000'),
(446, '2018-03-21 13:01:13.000000', 'nirmana', 'lgicepmv2o0vdtd7224cqm1sp7', '0000-00-00 00:00:00.000000'),
(447, '2018-03-21 13:02:00.000000', 'nirmana', 'lgicepmv2o0vdtd7224cqm1sp7', '0000-00-00 00:00:00.000000'),
(448, '2018-03-21 13:02:27.000000', 'IsharaAbeywardhana ', 'f9427d52oh86fsupc3chm89vf0', '0000-00-00 00:00:00.000000'),
(449, '2018-03-21 13:04:57.000000', 'Chamari', 'pd91apf3r6il3tggtgv1edkqc5', '0000-00-00 00:00:00.000000'),
(450, '2018-03-21 13:05:12.000000', 'RIYAL CAB', 'ht4m6rr8vkaes3okcgpdkpdqb7', '0000-00-00 00:00:00.000000'),
(451, '2018-03-21 13:07:04.000000', 'Nalindissanayaka', 'ogrgqnej8emt04lnldm4o7k995', '0000-00-00 00:00:00.000000'),
(452, '2018-03-21 13:09:33.000000', 'RENUKAIRIYAGOLLA', 's4d97b6gpgkv26d24jfrucp246', '0000-00-00 00:00:00.000000'),
(453, '2018-03-21 13:09:49.000000', 'RasikaSanjiwaPerera', 'elaua4nbu5ur9rv4gdji847505', '2018-03-21 15:21:38.000000'),
(454, '2018-03-21 13:10:58.000000', 'Ayeshmi', '791risiu4dvnvidpu2hqfcsd14', '0000-00-00 00:00:00.000000'),
(455, '2018-03-21 13:12:48.000000', 'kmmaduranga', 'm6fihh92v7e4nl798bsgirabs4', '0000-00-00 00:00:00.000000'),
(456, '2018-03-21 13:13:15.000000', 'kandy', 'hkip9aimidmqv7mb4tqqhsoa86', '0000-00-00 00:00:00.000000'),
(457, '2018-03-21 13:13:19.000000', 'chaminda', 'bkq3fbj3veak4qnprsfq9h8bc2', '0000-00-00 00:00:00.000000'),
(458, '2018-03-21 13:13:33.000000', 'Harshagap', 'uii8g5cpvabnmi8o8kif8rmp85', '0000-00-00 00:00:00.000000'),
(459, '2018-03-21 13:13:51.000000', 'Mithila', '90aml4605ka4b0a0the084p8u3', '0000-00-00 00:00:00.000000'),
(460, '2018-03-21 13:15:07.000000', 'IsharaAbeywardhana ', 'f9427d52oh86fsupc3chm89vf0', '0000-00-00 00:00:00.000000');
INSERT INTO `access_log` (`id`, `date_time`, `user`, `host`, `logout_time`) VALUES
(461, '2018-03-21 13:15:26.000000', 'Nalindissanayaka', 'ogrgqnej8emt04lnldm4o7k995', '0000-00-00 00:00:00.000000'),
(462, '2018-03-21 13:15:52.000000', 'nirmana', 'lgicepmv2o0vdtd7224cqm1sp7', '0000-00-00 00:00:00.000000'),
(463, '2018-03-21 13:16:08.000000', 'SankaCAB', 'qquk8r5g5qb1vd9sluvg1iiu04', '0000-00-00 00:00:00.000000'),
(464, '2018-03-21 13:16:19.000000', 'ruwan', 'r1ecni9d3vova41cvg2cq1r5p6', '0000-00-00 00:00:00.000000'),
(465, '2018-03-21 13:18:38.000000', 'Nafoortaab', 'da3l1lsoroo8hv0pmmdu8goq73', '0000-00-00 00:00:00.000000'),
(466, '2018-03-21 13:20:11.000000', 'tmroomy', 'os3rhk6rv7v5vrva0pbdtemga1', '0000-00-00 00:00:00.000000'),
(467, '2018-03-21 13:20:15.000000', 'RENUKAIRIYAGOLLA', 'vnu0p1sk4f0ju3809sksarsok6', '0000-00-00 00:00:00.000000'),
(468, '2018-03-21 13:20:50.000000', 'chathura-rp', '1goqdoij2l05n43f8kr8p24jt7', '0000-00-00 00:00:00.000000'),
(469, '2018-03-21 13:20:54.000000', 'Amila', 'rs3d7bpifjq6q875uend68lts6', '0000-00-00 00:00:00.000000'),
(470, '2018-03-21 13:21:32.000000', 'Athawuda', 'op923lqh8fmomcmg81l7io13f1', '0000-00-00 00:00:00.000000'),
(471, '2018-03-21 13:22:18.000000', 'Ayeshmi', '791risiu4dvnvidpu2hqfcsd14', '0000-00-00 00:00:00.000000'),
(472, '2018-03-21 13:22:55.000000', 'ais', 'hkip9aimidmqv7mb4tqqhsoa86', '0000-00-00 00:00:00.000000'),
(473, '2018-03-21 13:24:32.000000', 'Ayeshmi', '791risiu4dvnvidpu2hqfcsd14', '0000-00-00 00:00:00.000000'),
(474, '2018-03-21 13:24:43.000000', 'anushka.dissanayake', 'jcp57vruveu31arh1tadtngji0', '0000-00-00 00:00:00.000000'),
(475, '2018-03-21 13:25:03.000000', 'afras.afras', '6melu3kbjb9v709hglbi4kb3h3', '0000-00-00 00:00:00.000000'),
(476, '2018-03-21 13:25:03.000000', 'afras.afras', '6melu3kbjb9v709hglbi4kb3h3', '0000-00-00 00:00:00.000000'),
(477, '2018-03-21 13:26:17.000000', 'RIYAL CAB', 'ht4m6rr8vkaes3okcgpdkpdqb7', '0000-00-00 00:00:00.000000'),
(478, '2018-03-21 13:26:59.000000', 'Zsiyada ', '93pj46higos1sj0o5jb5n6kid0', '0000-00-00 00:00:00.000000'),
(479, '2018-03-21 14:15:35.000000', 'anushka.dissanayake', 'jcp57vruveu31arh1tadtngji0', '0000-00-00 00:00:00.000000'),
(480, '2018-03-21 14:15:42.000000', 'Harshagap', 'uii8g5cpvabnmi8o8kif8rmp85', '0000-00-00 00:00:00.000000'),
(481, '2018-03-21 14:17:47.000000', 'Samarasinghe', 'jf7l0kuc65gbg9gub6e195ep23', '0000-00-00 00:00:00.000000'),
(482, '2018-03-21 14:18:25.000000', 'Luckykumarawijeseksr', 'hn4vkcciimh9so2ohp7n7o85k5', '0000-00-00 00:00:00.000000'),
(483, '2018-03-21 14:20:45.000000', 'Mithila', '90aml4605ka4b0a0the084p8u3', '0000-00-00 00:00:00.000000'),
(484, '2018-03-21 14:21:06.000000', 'Dimuthu', 'i656r6o59813hu6ricrlq43ah0', '0000-00-00 00:00:00.000000'),
(485, '2018-03-21 14:21:12.000000', 'Athawuda', 'op923lqh8fmomcmg81l7io13f1', '0000-00-00 00:00:00.000000'),
(486, '2018-03-21 14:21:17.000000', 'Geeganage-n', '42u9vsart0rp527suimbrseo63', '0000-00-00 00:00:00.000000'),
(487, '2018-03-21 14:21:21.000000', 'nirmana', 'lgicepmv2o0vdtd7224cqm1sp7', '0000-00-00 00:00:00.000000'),
(488, '2018-03-21 14:21:39.000000', 'Indunil', '83hrqaet4i36aanhrf2fg7g3d7', '0000-00-00 00:00:00.000000'),
(489, '2018-03-21 14:21:48.000000', 'SankaCAB', 'qquk8r5g5qb1vd9sluvg1iiu04', '0000-00-00 00:00:00.000000'),
(490, '2018-03-21 14:22:33.000000', 'suresh', '9c9563v2fdtud3adgtgft11ho7', '0000-00-00 00:00:00.000000'),
(491, '2018-03-21 14:22:33.000000', 'IsharaAbeywardhana ', 'f9427d52oh86fsupc3chm89vf0', '0000-00-00 00:00:00.000000'),
(492, '2018-03-21 14:22:38.000000', 'Thiru', '9l65133e5jolm728q9g6n8u727', '0000-00-00 00:00:00.000000'),
(493, '2018-03-21 14:24:47.000000', 'RENUKAIRIYAGOLLA', 'hkip9aimidmqv7mb4tqqhsoa86', '0000-00-00 00:00:00.000000'),
(494, '2018-03-21 14:24:54.000000', 'athulabandara', '9rpbgkvm3oc6sk0oigrlm59aj6', '0000-00-00 00:00:00.000000'),
(495, '2018-03-21 14:25:41.000000', 'afras.afras', '6melu3kbjb9v709hglbi4kb3h3', '0000-00-00 00:00:00.000000'),
(496, '2018-03-21 14:25:47.000000', 'Bandulaistaweera', 'f7pmo50jt74tudqebuleoslt73', '2018-03-21 16:17:57.000000'),
(497, '2018-03-21 14:26:21.000000', 'Darshika', 'mc641qvr7fuug1nvrug3vjhap0', '0000-00-00 00:00:00.000000'),
(498, '2018-03-21 14:26:23.000000', 'nafees ', 'd01mp60f2ee4fjsa46s0vc5196', '0000-00-00 00:00:00.000000'),
(499, '2018-03-21 14:26:36.000000', 'nhattanayaka', '8gctf9gil864ihsivekql7iqr1', '0000-00-00 00:00:00.000000'),
(500, '2018-03-21 14:26:51.000000', 'Nafoortaab', 'da3l1lsoroo8hv0pmmdu8goq73', '0000-00-00 00:00:00.000000'),
(501, '2018-03-21 14:27:13.000000', 'admin1', '2l7t9544ad31l9m8jr2g7g3k73', '2018-03-21 15:47:29.000000'),
(502, '2018-03-21 14:27:54.000000', 'Lasantha_RP', '4bmha1i813ljcko5ueuu4or2t7', '0000-00-00 00:00:00.000000'),
(503, '2018-03-21 14:28:00.000000', 'Thushara', 'guhr3afgpbbolma43p4s7rona2', '0000-00-00 00:00:00.000000'),
(504, '2018-03-21 14:28:01.000000', 'priyantha', 'tc6evm9g197mjfh36pq3bd9293', '0000-00-00 00:00:00.000000'),
(505, '2018-03-21 14:29:08.000000', 'nihalajith', 'u0h4de1f4o2r0oh4tlueu70de6', '0000-00-00 00:00:00.000000'),
(506, '2018-03-21 14:29:11.000000', 'RENUKAIRIYAGOLLA', 'j5gjg3i48e4997u86ks3ti4tr6', '0000-00-00 00:00:00.000000'),
(507, '2018-03-21 14:29:24.000000', 'Indunil', '83hrqaet4i36aanhrf2fg7g3d7', '0000-00-00 00:00:00.000000'),
(508, '2018-03-21 14:32:35.000000', 'Niluka Harischandra ', '1fd2tlgjgpqkrvadn1utd32lm2', '0000-00-00 00:00:00.000000'),
(509, '2018-03-21 14:32:48.000000', 'manoj', '199sk2dtcrsiu45qs4hcqmp0l5', '0000-00-00 00:00:00.000000'),
(510, '2018-03-21 14:33:44.000000', 'Bandara', '1viegd9k0u7c6hbdo4pq2jkk13', '0000-00-00 00:00:00.000000'),
(511, '2018-03-21 14:35:18.000000', 'Mithila', '90aml4605ka4b0a0the084p8u3', '0000-00-00 00:00:00.000000'),
(512, '2018-03-21 14:35:31.000000', 'Bandara', '1viegd9k0u7c6hbdo4pq2jkk13', '0000-00-00 00:00:00.000000'),
(513, '2018-03-21 14:36:07.000000', 'afras.afras', 'te5ocm8a44r5h7ohj08uj0h1e6', '0000-00-00 00:00:00.000000'),
(514, '2018-03-21 14:36:15.000000', 'kmmaduranga', 'm6fihh92v7e4nl798bsgirabs4', '0000-00-00 00:00:00.000000'),
(515, '2018-03-21 14:36:23.000000', 'manoj', '199sk2dtcrsiu45qs4hcqmp0l5', '0000-00-00 00:00:00.000000'),
(516, '2018-03-21 14:36:30.000000', 'Bandara', '1viegd9k0u7c6hbdo4pq2jkk13', '0000-00-00 00:00:00.000000'),
(517, '2018-03-21 14:36:40.000000', 'Indunil', '8fae7945orv1afdn2di42562b1', '0000-00-00 00:00:00.000000'),
(518, '2018-03-21 14:37:39.000000', 'Chamari', 'pd91apf3r6il3tggtgv1edkqc5', '0000-00-00 00:00:00.000000'),
(519, '2018-03-21 14:37:44.000000', 'Ayeshmi', '791risiu4dvnvidpu2hqfcsd14', '0000-00-00 00:00:00.000000'),
(520, '2018-03-21 14:37:48.000000', 'nafees', 'd01mp60f2ee4fjsa46s0vc5196', '0000-00-00 00:00:00.000000'),
(521, '2018-03-21 14:38:05.000000', 'nowsry', 'e47rtjsjvvvdefc0v6vja700t7', '0000-00-00 00:00:00.000000'),
(522, '2018-03-21 14:39:16.000000', 'chirantha', 'vrbihrhn7nq5rngd8hcqc4cdt7', '0000-00-00 00:00:00.000000'),
(523, '2018-03-21 14:39:26.000000', 'nihalajith', 'u0h4de1f4o2r0oh4tlueu70de6', '0000-00-00 00:00:00.000000'),
(524, '2018-03-21 14:39:44.000000', 'Samancab', 'ihf38r7hpe8hremcb3dlim0eg2', '0000-00-00 00:00:00.000000'),
(525, '2018-03-21 14:40:24.000000', 'Chamari', 'q81n84amed3b8asuslm9kphvu2', '0000-00-00 00:00:00.000000'),
(526, '2018-03-21 14:41:39.000000', 'Palitha6076348', '9mfevch0bcu1ug88qckl4kg5g5', '0000-00-00 00:00:00.000000'),
(527, '2018-03-21 14:42:24.000000', 'Madurangataab', 'e1qt7b30i30usu313tj1b66e36', '0000-00-00 00:00:00.000000'),
(528, '2018-03-21 14:42:32.000000', 'Darshika', 'p6dbmbheqbka2lf7jn5b04im05', '0000-00-00 00:00:00.000000'),
(529, '2018-03-21 14:42:55.000000', 'suresh', '9c9563v2fdtud3adgtgft11ho7', '0000-00-00 00:00:00.000000'),
(530, '2018-03-21 14:43:19.000000', 'chinthaka-RPB', '87sur41u169bvtjvvigmh8ppr3', '0000-00-00 00:00:00.000000'),
(531, '2018-03-21 14:43:48.000000', 'Zsiyada  ', '93pj46higos1sj0o5jb5n6kid0', '0000-00-00 00:00:00.000000'),
(532, '2018-03-21 14:44:20.000000', 'chaminda', 'bkq3fbj3veak4qnprsfq9h8bc2', '0000-00-00 00:00:00.000000'),
(533, '2018-03-21 14:44:48.000000', 'afras.afras', '6melu3kbjb9v709hglbi4kb3h3', '0000-00-00 00:00:00.000000'),
(534, '2018-03-21 14:45:22.000000', 'samarasinghe', 'jf7l0kuc65gbg9gub6e195ep23', '0000-00-00 00:00:00.000000'),
(535, '2018-03-21 14:46:07.000000', 'Nalindissanayaka', 'ogrgqnej8emt04lnldm4o7k995', '0000-00-00 00:00:00.000000'),
(536, '2018-03-21 14:46:07.000000', 'Ayeshmi', '791risiu4dvnvidpu2hqfcsd14', '0000-00-00 00:00:00.000000'),
(537, '2018-03-21 14:46:33.000000', 'Diluka', 'vf6eu09mrq0ut39928d122k1a3', '0000-00-00 00:00:00.000000'),
(538, '2018-03-21 14:47:35.000000', 'kmmaduranga', 'm6fihh92v7e4nl798bsgirabs4', '0000-00-00 00:00:00.000000'),
(539, '2018-03-21 14:48:16.000000', 'chirantha', 'vrbihrhn7nq5rngd8hcqc4cdt7', '0000-00-00 00:00:00.000000'),
(540, '2018-03-21 14:49:46.000000', 'Ayeshmi', '791risiu4dvnvidpu2hqfcsd14', '0000-00-00 00:00:00.000000'),
(541, '2018-03-21 14:49:47.000000', 'Chamari', 'q81n84amed3b8asuslm9kphvu2', '0000-00-00 00:00:00.000000'),
(542, '2018-03-21 14:50:06.000000', 'samantha', 'oe46jpu620lddedfqdlfebh663', '0000-00-00 00:00:00.000000'),
(543, '2018-03-21 14:50:09.000000', 'suki', 'ema7aiot6docam526p8odkd174', '0000-00-00 00:00:00.000000'),
(544, '2018-03-21 14:50:52.000000', 'nihalajith', '3l1aeu97lbeghjcfatdjqkqn84', '0000-00-00 00:00:00.000000'),
(545, '2018-03-21 14:51:52.000000', 'ManashaTAAB ', 'n7tnjbl5ue0dbtoetg33lruri5', '0000-00-00 00:00:00.000000'),
(546, '2018-03-21 14:51:52.000000', 'ManashaTAAB ', 'u1bs9i49bf9r1ism0cacu4kim3', '0000-00-00 00:00:00.000000'),
(547, '2018-03-21 14:52:33.000000', 'Nishani', '1irofmhhbjjfo0gd7jk6p72l01', '0000-00-00 00:00:00.000000'),
(548, '2018-03-21 14:53:10.000000', 'samarasinghe', 'jf7l0kuc65gbg9gub6e195ep23', '0000-00-00 00:00:00.000000'),
(549, '2018-03-21 14:53:24.000000', 'athulanarayana', 'mqphh6k7ahn4g2akukikhgeat6', '0000-00-00 00:00:00.000000'),
(550, '2018-03-21 14:53:27.000000', 'ManashaTAAB ', 'u1bs9i49bf9r1ism0cacu4kim3', '0000-00-00 00:00:00.000000'),
(551, '2018-03-21 14:54:01.000000', 'chaminda', 'bkq3fbj3veak4qnprsfq9h8bc2', '0000-00-00 00:00:00.000000'),
(552, '2018-03-21 14:54:36.000000', 'Mithila', '90aml4605ka4b0a0the084p8u3', '0000-00-00 00:00:00.000000'),
(553, '2018-03-21 14:54:56.000000', 'Thushara', '30361huj2rq7ei0kr491umm4p2', '0000-00-00 00:00:00.000000'),
(554, '2018-03-21 14:55:48.000000', 'afras.afras', 'ftmqkstrit3he91icooqoasht5', '0000-00-00 00:00:00.000000'),
(555, '2018-03-21 14:56:41.000000', 'admin1', '2l7t9544ad31l9m8jr2g7g3k73', '2018-03-21 15:47:29.000000'),
(556, '2018-03-21 14:57:11.000000', 'chirantha', 'vrbihrhn7nq5rngd8hcqc4cdt7', '0000-00-00 00:00:00.000000'),
(557, '2018-03-21 14:57:13.000000', 'admin1', 'te5ocm8a44r5h7ohj08uj0h1e6', '0000-00-00 00:00:00.000000'),
(558, '2018-03-21 14:59:21.000000', 'Vishnukaran', 'a3lafdocgfjn8obg6ndmrmppp5', '2018-03-22 12:35:44.000000'),
(559, '2018-03-21 14:59:31.000000', 'IsharaAbeywardhana ', 'f9427d52oh86fsupc3chm89vf0', '0000-00-00 00:00:00.000000'),
(560, '2018-03-21 14:59:37.000000', 'liyinthan', 'gph7j8usl575p4odqivsib6ab2', '0000-00-00 00:00:00.000000'),
(561, '2018-03-21 15:00:07.000000', 'Samantha', '7v48utug7mograi9r6un6mh3r3', '0000-00-00 00:00:00.000000'),
(562, '2018-03-21 15:00:47.000000', 'Samantha', '7v48utug7mograi9r6un6mh3r3', '0000-00-00 00:00:00.000000'),
(563, '2018-03-21 15:00:56.000000', 'Athulabandara', 'rudqhgvl7pc79bjthlc6dgren1', '0000-00-00 00:00:00.000000'),
(564, '2018-03-21 15:02:01.000000', 'Bandara', '1viegd9k0u7c6hbdo4pq2jkk13', '0000-00-00 00:00:00.000000'),
(565, '2018-03-21 15:03:04.000000', 'Samantha', '7v48utug7mograi9r6un6mh3r3', '0000-00-00 00:00:00.000000'),
(566, '2018-03-21 15:03:23.000000', 'Ayeshmi', '791risiu4dvnvidpu2hqfcsd14', '0000-00-00 00:00:00.000000'),
(567, '2018-03-21 15:04:12.000000', 'tmroomy', 'os3rhk6rv7v5vrva0pbdtemga1', '0000-00-00 00:00:00.000000'),
(568, '2018-03-21 15:04:59.000000', 'samarasinghe', 'jf7l0kuc65gbg9gub6e195ep23', '0000-00-00 00:00:00.000000'),
(569, '2018-03-21 15:05:38.000000', 'chirantha', 'vrbihrhn7nq5rngd8hcqc4cdt7', '0000-00-00 00:00:00.000000'),
(570, '2018-03-21 15:06:31.000000', 'athulanarayana', 'mqphh6k7ahn4g2akukikhgeat6', '0000-00-00 00:00:00.000000'),
(571, '2018-03-21 15:07:12.000000', 'Kmmaduranga', '6i8rle6hag07qjivngr5bl7i24', '2018-03-21 15:48:05.000000'),
(572, '2018-03-21 15:07:29.000000', 'SankaCAB', 'qquk8r5g5qb1vd9sluvg1iiu04', '0000-00-00 00:00:00.000000'),
(573, '2018-03-21 15:08:12.000000', 'nafees', 'd01mp60f2ee4fjsa46s0vc5196', '0000-00-00 00:00:00.000000'),
(574, '2018-03-21 15:08:37.000000', 'ruwan', '0qcv2otbe73qttr8stsmh9sgd1', '0000-00-00 00:00:00.000000'),
(575, '2018-03-21 15:09:29.000000', 'anushka.dissanayake ', 'gs7mp42nern4cmpq9musiiidf5', '0000-00-00 00:00:00.000000'),
(576, '2018-03-21 15:09:46.000000', 'nafees', 'd01mp60f2ee4fjsa46s0vc5196', '0000-00-00 00:00:00.000000'),
(577, '2018-03-21 15:10:11.000000', 'nhattanayaka', '8gctf9gil864ihsivekql7iqr1', '0000-00-00 00:00:00.000000'),
(578, '2018-03-21 15:10:12.000000', 'Kamil', '0oaer9g0rh6aiagflq7is3hga1', '0000-00-00 00:00:00.000000'),
(579, '2018-03-21 15:10:15.000000', 'indika', '6eu6fom6b1ldj0vmaavb2st1o6', '0000-00-00 00:00:00.000000'),
(580, '2018-03-21 15:10:56.000000', 'nafees', 'd01mp60f2ee4fjsa46s0vc5196', '0000-00-00 00:00:00.000000'),
(581, '2018-03-21 15:12:33.000000', 'chirantha', 'vrbihrhn7nq5rngd8hcqc4cdt7', '0000-00-00 00:00:00.000000'),
(582, '2018-03-21 15:14:50.000000', 'chirantha', 'vrbihrhn7nq5rngd8hcqc4cdt7', '0000-00-00 00:00:00.000000'),
(583, '2018-03-21 15:15:53.000000', 'RIYAL cab', 'ht4m6rr8vkaes3okcgpdkpdqb7', '0000-00-00 00:00:00.000000'),
(584, '2018-03-21 15:16:03.000000', 'suresh', '9c9563v2fdtud3adgtgft11ho7', '0000-00-00 00:00:00.000000'),
(585, '2018-03-21 15:16:19.000000', 'nafees', '6igvgahbata6tubb2ffe25rq47', '0000-00-00 00:00:00.000000'),
(586, '2018-03-21 15:19:01.000000', 'suresh', '9c9563v2fdtud3adgtgft11ho7', '0000-00-00 00:00:00.000000'),
(587, '2018-03-21 15:19:22.000000', 'Chamari', 'q81n84amed3b8asuslm9kphvu2', '0000-00-00 00:00:00.000000'),
(588, '2018-03-21 15:19:27.000000', 'nihalajith', 'u0h4de1f4o2r0oh4tlueu70de6', '0000-00-00 00:00:00.000000'),
(589, '2018-03-21 15:20:27.000000', 'manoj', '199sk2dtcrsiu45qs4hcqmp0l5', '0000-00-00 00:00:00.000000'),
(590, '2018-03-21 15:20:42.000000', 'Thiru', 'mau7chvkkrdkon1b2t313n0n71', '0000-00-00 00:00:00.000000'),
(591, '2018-03-21 15:21:52.000000', 'Suki', 'm8bsp4ivs7rsf3apmjq6r4pue6', '0000-00-00 00:00:00.000000'),
(592, '2018-03-21 15:22:12.000000', 'Liyinthan', '8bjcud4pv3p4netlh9euor20u7', '0000-00-00 00:00:00.000000'),
(593, '2018-03-21 15:22:37.000000', 'Samarasinghe', 'elp25absvblp9coadd1n7mpr60', '0000-00-00 00:00:00.000000'),
(594, '2018-03-21 15:22:42.000000', 'RENUKAIRIYAGOLLA', 'j5gjg3i48e4997u86ks3ti4tr6', '0000-00-00 00:00:00.000000'),
(595, '2018-03-21 15:22:53.000000', 'Nishani', '1irofmhhbjjfo0gd7jk6p72l01', '0000-00-00 00:00:00.000000'),
(596, '2018-03-21 15:23:21.000000', 'Nalindissanayaka', 'ogrgqnej8emt04lnldm4o7k995', '0000-00-00 00:00:00.000000'),
(597, '2018-03-21 15:23:24.000000', 'Nafoortaab', 'da3l1lsoroo8hv0pmmdu8goq73', '0000-00-00 00:00:00.000000'),
(598, '2018-03-21 15:23:59.000000', 'Ayeshmi', '791risiu4dvnvidpu2hqfcsd14', '0000-00-00 00:00:00.000000'),
(599, '2018-03-21 15:23:59.000000', 'Mithila', '90aml4605ka4b0a0the084p8u3', '0000-00-00 00:00:00.000000'),
(600, '2018-03-21 15:24:12.000000', 'RasikaSanjiwaPerera', 'c9math63gquucahh8bba6o0i66', '0000-00-00 00:00:00.000000'),
(601, '2018-03-21 15:24:24.000000', 'Gayan kalinga', 'c3sf1nrdi6l0t0gasl3da51ef1', '0000-00-00 00:00:00.000000'),
(602, '2018-03-21 15:25:32.000000', 'Nowsry', 'uno8skun04mriiucg5j8fmn0p0', '0000-00-00 00:00:00.000000'),
(603, '2018-03-21 15:25:47.000000', 'Darshika', 'p6dbmbheqbka2lf7jn5b04im05', '0000-00-00 00:00:00.000000'),
(604, '2018-03-21 15:25:56.000000', 'Ayeshmi', '791risiu4dvnvidpu2hqfcsd14', '0000-00-00 00:00:00.000000'),
(605, '2018-03-21 15:26:18.000000', 'Diluka', 'v90e1ksui54n1q108c0a7rib70', '0000-00-00 00:00:00.000000'),
(606, '2018-03-21 15:26:58.000000', 'Nishani', '1irofmhhbjjfo0gd7jk6p72l01', '0000-00-00 00:00:00.000000'),
(607, '2018-03-21 15:27:32.000000', 'Nafoortaab', 'dh8s8d9v1k4lvjimri5e4hetp5', '0000-00-00 00:00:00.000000'),
(608, '2018-03-21 15:27:33.000000', 'Liyinthan', 'b0hld4nsge47nh6u1jbh1fsdb3', '0000-00-00 00:00:00.000000'),
(609, '2018-03-21 15:28:06.000000', 'jameel', '7d2augclksjo2q3nca51bqc603', '0000-00-00 00:00:00.000000'),
(610, '2018-03-21 15:28:07.000000', 'Geeganage-n', '42u9vsart0rp527suimbrseo63', '0000-00-00 00:00:00.000000'),
(611, '2018-03-21 15:31:22.000000', 'Samilham', 'ksgnm4lm0eitle5q4htl2tmdl7', '0000-00-00 00:00:00.000000'),
(612, '2018-03-21 15:31:27.000000', 'chirantha', 'vrbihrhn7nq5rngd8hcqc4cdt7', '0000-00-00 00:00:00.000000'),
(613, '2018-03-21 15:32:00.000000', 'Zsiyada ', '29mbdsbrmao20igcv407d6hk94', '0000-00-00 00:00:00.000000'),
(614, '2018-03-21 15:32:12.000000', 'admin1', '2l7t9544ad31l9m8jr2g7g3k73', '2018-03-21 15:47:29.000000'),
(615, '2018-03-21 15:32:17.000000', 'Indunil', '8fae7945orv1afdn2di42562b1', '0000-00-00 00:00:00.000000'),
(616, '2018-03-21 15:32:37.000000', 'Kamil', '0oaer9g0rh6aiagflq7is3hga1', '0000-00-00 00:00:00.000000'),
(617, '2018-03-21 15:32:49.000000', 'SankaCAB', 'qquk8r5g5qb1vd9sluvg1iiu04', '0000-00-00 00:00:00.000000'),
(618, '2018-03-21 15:33:05.000000', 'Gayan kalinga', 'c3sf1nrdi6l0t0gasl3da51ef1', '0000-00-00 00:00:00.000000'),
(619, '2018-03-21 15:33:41.000000', 'Indunil', '8fae7945orv1afdn2di42562b1', '0000-00-00 00:00:00.000000'),
(620, '2018-03-21 15:33:57.000000', 'chamari', 'q81n84amed3b8asuslm9kphvu2', '0000-00-00 00:00:00.000000'),
(621, '2018-03-21 15:35:03.000000', 'Indunil', '83hrqaet4i36aanhrf2fg7g3d7', '0000-00-00 00:00:00.000000'),
(622, '2018-03-21 15:36:41.000000', 'Lasantha_RP', '4bmha1i813ljcko5ueuu4or2t7', '0000-00-00 00:00:00.000000'),
(623, '2018-03-21 15:38:38.000000', 'nihalajith', 'rqhmv900s5ikabbrce14k6cj07', '0000-00-00 00:00:00.000000'),
(624, '2018-03-21 15:39:26.000000', 'chathura-rp', '1goqdoij2l05n43f8kr8p24jt7', '0000-00-00 00:00:00.000000'),
(625, '2018-03-21 15:40:24.000000', 'RIYAL cab', 'ppf9vn8d2memmb25igcdr43l80', '0000-00-00 00:00:00.000000'),
(626, '2018-03-21 15:40:52.000000', 'nowsry', '4en2boott1cjnoc1f5ibuah4i2', '0000-00-00 00:00:00.000000'),
(627, '2018-03-21 15:41:26.000000', 'nirmana', 'lgicepmv2o0vdtd7224cqm1sp7', '0000-00-00 00:00:00.000000'),
(628, '2018-03-21 15:41:53.000000', 'ruwan', 'r1ecni9d3vova41cvg2cq1r5p6', '0000-00-00 00:00:00.000000'),
(629, '2018-03-21 15:44:06.000000', 'chamari', 'q81n84amed3b8asuslm9kphvu2', '0000-00-00 00:00:00.000000'),
(630, '2018-03-21 15:45:26.000000', 'ruwan', '0qcv2otbe73qttr8stsmh9sgd1', '0000-00-00 00:00:00.000000'),
(631, '2018-03-21 15:45:34.000000', 'anushka.dissanayake', 'c4ep5h75b8bas0vm78v8i7ktg5', '0000-00-00 00:00:00.000000'),
(632, '2018-03-21 15:46:00.000000', 'manoj', '199sk2dtcrsiu45qs4hcqmp0l5', '0000-00-00 00:00:00.000000'),
(633, '2018-03-21 15:46:23.000000', 'Palitha6076348', '9mfevch0bcu1ug88qckl4kg5g5', '0000-00-00 00:00:00.000000'),
(634, '2018-03-21 15:46:36.000000', 'nafees', 'd01mp60f2ee4fjsa46s0vc5196', '0000-00-00 00:00:00.000000'),
(635, '2018-03-21 15:47:15.000000', 'Kmmaduranga', '6i8rle6hag07qjivngr5bl7i24', '2018-03-21 15:48:05.000000'),
(636, '2018-03-21 15:47:40.000000', 'Kmmaduranga', '6i8rle6hag07qjivngr5bl7i24', '2018-03-21 15:48:05.000000'),
(637, '2018-03-21 15:49:44.000000', 'Kmmaduranga', '6i8rle6hag07qjivngr5bl7i24', '0000-00-00 00:00:00.000000'),
(638, '2018-03-21 16:08:44.000000', 'Mithila', '90aml4605ka4b0a0the084p8u3', '0000-00-00 00:00:00.000000'),
(639, '2018-03-21 16:08:59.000000', 'RIYAL cab', 'ppf9vn8d2memmb25igcdr43l80', '0000-00-00 00:00:00.000000'),
(640, '2018-03-21 16:13:06.000000', 'nirmana', 'qotimh9ruth257taq74i84k241', '0000-00-00 00:00:00.000000'),
(641, '2018-03-21 16:14:06.000000', 'NADEEKA', '7ci6rt9cg12trt8ufvnd359a17', '0000-00-00 00:00:00.000000'),
(642, '2018-03-21 17:35:08.000000', 'suresh', '9c9563v2fdtud3adgtgft11ho7', '0000-00-00 00:00:00.000000'),
(643, '2018-03-21 19:55:24.000000', 'chaminda', 'ipb70j8t34thn3simn8u7g0m80', '0000-00-00 00:00:00.000000'),
(644, '2018-03-21 23:04:32.000000', 'Bandulaistaweera', '1el3bc1570nip41617kl3kn9k1', '0000-00-00 00:00:00.000000'),
(645, '2018-03-22 06:27:31.000000', 'Harshagap', 'ea9ndquvd354no1n6q2hil3h56', '0000-00-00 00:00:00.000000'),
(646, '2018-03-22 06:42:21.000000', 'RENUKAIRIYAGOLLA', '7l36197vhmjvoagf84o5n9mdt1', '0000-00-00 00:00:00.000000'),
(647, '2018-03-22 06:42:22.000000', 'RENUKAIRIYAGOLLA', '7l36197vhmjvoagf84o5n9mdt1', '0000-00-00 00:00:00.000000'),
(648, '2018-03-22 06:52:21.000000', 'Amila', '8rcsp5cu19m25imrb66t1elb86', '2018-03-22 06:55:20.000000'),
(649, '2018-03-22 06:56:21.000000', 'Zsiyada ', 'ia0qbqfpkn8kmjcvqd3j44stq2', '0000-00-00 00:00:00.000000'),
(650, '2018-03-22 07:06:39.000000', 'Lasantha_RP', '4bmha1i813ljcko5ueuu4or2t7', '0000-00-00 00:00:00.000000'),
(651, '2018-03-22 07:08:50.000000', 'tmroomy', 'os3rhk6rv7v5vrva0pbdtemga1', '0000-00-00 00:00:00.000000'),
(652, '2018-03-22 08:26:18.000000', 'Dimuthu', 'uioft3ts6jem1ogbu1nhlt4274', '0000-00-00 00:00:00.000000'),
(653, '2018-03-22 08:33:30.000000', 'Harshagap', 'ea9ndquvd354no1n6q2hil3h56', '0000-00-00 00:00:00.000000'),
(654, '2018-03-22 09:14:19.000000', 'Harshagap', 'ea9ndquvd354no1n6q2hil3h56', '0000-00-00 00:00:00.000000'),
(655, '2018-03-22 10:59:35.000000', 'admin1', 'u7fht2mc79v40nhfvlke4j5rl1', '2018-03-22 11:02:53.000000'),
(656, '2018-03-22 11:00:02.000000', 'Vishnukaran', 'a3lafdocgfjn8obg6ndmrmppp5', '2018-03-22 12:35:44.000000'),
(657, '2018-03-22 11:03:16.000000', 'tmroomy', 'os3rhk6rv7v5vrva0pbdtemga1', '0000-00-00 00:00:00.000000'),
(658, '2018-03-22 11:03:40.000000', 'Udara ', '8rcsp5cu19m25imrb66t1elb86', '0000-00-00 00:00:00.000000'),
(659, '2018-03-22 11:24:40.000000', 'Bandulaistaweera', '1el3bc1570nip41617kl3kn9k1', '0000-00-00 00:00:00.000000'),
(660, '2018-03-22 11:40:24.000000', 'Vishnukaran', 'a3lafdocgfjn8obg6ndmrmppp5', '2018-03-22 12:35:44.000000'),
(661, '2018-03-22 12:01:32.000000', 'Vishnukaran ', 'a3lafdocgfjn8obg6ndmrmppp5', '2018-03-22 12:35:44.000000'),
(662, '2018-03-22 15:51:48.000000', 'Harshagap', '6985b5bvu0r9c24em7s7qu8qe7', '0000-00-00 00:00:00.000000'),
(663, '2018-03-22 15:53:34.000000', 'Harshagap', '6985b5bvu0r9c24em7s7qu8qe7', '0000-00-00 00:00:00.000000'),
(664, '2018-03-22 20:04:25.000000', 'Harshagap', '6985b5bvu0r9c24em7s7qu8qe7', '0000-00-00 00:00:00.000000'),
(665, '2018-03-22 20:55:21.000000', 'Diluka', 'vf6eu09mrq0ut39928d122k1a3', '0000-00-00 00:00:00.000000'),
(666, '2018-03-22 21:59:30.000000', 'Athawuda', 'op923lqh8fmomcmg81l7io13f1', '0000-00-00 00:00:00.000000'),
(667, '2018-03-23 05:54:06.000000', 'samarasinghe', 'jf7l0kuc65gbg9gub6e195ep23', '0000-00-00 00:00:00.000000'),
(668, '2018-03-23 07:04:48.000000', 'RasikaSanjiwaPerera', 'elaua4nbu5ur9rv4gdji847505', '0000-00-00 00:00:00.000000'),
(669, '2018-03-23 13:44:28.000000', 'athulabandara', '9rpbgkvm3oc6sk0oigrlm59aj6', '0000-00-00 00:00:00.000000'),
(670, '2018-03-23 14:18:35.000000', 'Gayan kalinga', 'c3sf1nrdi6l0t0gasl3da51ef1', '0000-00-00 00:00:00.000000'),
(671, '2018-03-23 22:21:24.000000', 'lakmal', 'pvusj8ed0gp79ldl0bf6g9a0c5', '0000-00-00 00:00:00.000000'),
(672, '2018-03-23 22:38:53.000000', 'Rashani ', 'jdebpgsoh43c8l475cniaivj23', '0000-00-00 00:00:00.000000'),
(673, '2018-03-23 22:40:17.000000', 'Rashani', 'jdebpgsoh43c8l475cniaivj23', '0000-00-00 00:00:00.000000'),
(674, '2018-03-24 18:31:15.000000', 'Chathura-rp', 'dku43hl9mp97abo0qao28q3r63', '0000-00-00 00:00:00.000000'),
(675, '2018-03-24 18:46:24.000000', 'Chathura-rp', 'dku43hl9mp97abo0qao28q3r63', '0000-00-00 00:00:00.000000'),
(676, '2018-03-24 18:50:27.000000', 'chathura-rp', 'dku43hl9mp97abo0qao28q3r63', '0000-00-00 00:00:00.000000'),
(677, '2018-03-24 18:54:10.000000', 'Chathura-rp', 'dku43hl9mp97abo0qao28q3r63', '0000-00-00 00:00:00.000000'),
(678, '2018-03-24 19:08:18.000000', 'Chathura-rp', 'dku43hl9mp97abo0qao28q3r63', '0000-00-00 00:00:00.000000'),
(679, '2018-03-24 19:46:49.000000', 'Chathura-rp', 'dku43hl9mp97abo0qao28q3r63', '0000-00-00 00:00:00.000000'),
(680, '2018-03-24 20:20:17.000000', 'chathura-rp', '1goqdoij2l05n43f8kr8p24jt7', '0000-00-00 00:00:00.000000'),
(681, '2018-03-24 21:20:30.000000', 'chathura-rp', '1goqdoij2l05n43f8kr8p24jt7', '0000-00-00 00:00:00.000000'),
(682, '2018-03-24 22:16:43.000000', 'chinthaka-RPB', '87sur41u169bvtjvvigmh8ppr3', '0000-00-00 00:00:00.000000'),
(683, '2018-03-24 22:18:53.000000', 'chathura-rp', '1goqdoij2l05n43f8kr8p24jt7', '0000-00-00 00:00:00.000000'),
(684, '2018-03-25 06:58:51.000000', 'nihalajith', 'u0h4de1f4o2r0oh4tlueu70de6', '0000-00-00 00:00:00.000000'),
(685, '2018-03-25 07:48:24.000000', 'chathura-rp', '1goqdoij2l05n43f8kr8p24jt7', '0000-00-00 00:00:00.000000'),
(686, '2018-03-25 07:59:31.000000', 'chathura-rp', '1goqdoij2l05n43f8kr8p24jt7', '0000-00-00 00:00:00.000000'),
(687, '2018-03-25 12:49:33.000000', 'nihalajith', 'u0h4de1f4o2r0oh4tlueu70de6', '0000-00-00 00:00:00.000000'),
(688, '2018-03-25 17:31:10.000000', 'nihalajith', 'u0h4de1f4o2r0oh4tlueu70de6', '0000-00-00 00:00:00.000000'),
(689, '2018-03-25 20:56:06.000000', 'nihalajith', 'u0h4de1f4o2r0oh4tlueu70de6', '0000-00-00 00:00:00.000000'),
(690, '2018-03-25 21:02:08.000000', 'nihalajith', 'u0h4de1f4o2r0oh4tlueu70de6', '0000-00-00 00:00:00.000000'),
(691, '2018-03-25 21:09:02.000000', 'ayeshmi', 'sbngv00poa24koe3fv6lqmq7u7', '0000-00-00 00:00:00.000000'),
(692, '2018-03-25 21:49:37.000000', 'chathura-rp', '1goqdoij2l05n43f8kr8p24jt7', '0000-00-00 00:00:00.000000'),
(693, '2018-03-26 10:05:05.000000', 'RasikaSanjiwaPerera', 'elaua4nbu5ur9rv4gdji847505', '0000-00-00 00:00:00.000000'),
(694, '2018-03-26 10:05:23.000000', 'chinthaka-RPB', '87sur41u169bvtjvvigmh8ppr3', '0000-00-00 00:00:00.000000'),
(695, '2018-03-26 10:09:19.000000', 'Chathura-rp', 'dku43hl9mp97abo0qao28q3r63', '0000-00-00 00:00:00.000000'),
(696, '2018-03-26 10:21:13.000000', 'RasikaSanjiwaPerera', 'elaua4nbu5ur9rv4gdji847505', '0000-00-00 00:00:00.000000'),
(697, '2018-03-26 10:24:49.000000', 'Chathura-rp', 'dku43hl9mp97abo0qao28q3r63', '0000-00-00 00:00:00.000000'),
(698, '2018-03-26 13:51:52.000000', 'samitha', 'm77tse1jobkeo41tt5rjjgfun6', '0000-00-00 00:00:00.000000'),
(699, '2018-03-26 13:58:50.000000', 'nihalajith', 'u0h4de1f4o2r0oh4tlueu70de6', '0000-00-00 00:00:00.000000'),
(700, '2018-03-26 14:01:42.000000', 'nihalajith', 'u0h4de1f4o2r0oh4tlueu70de6', '0000-00-00 00:00:00.000000'),
(701, '2018-03-26 15:47:32.000000', 'cert', 'm77tse1jobkeo41tt5rjjgfun6', '0000-00-00 00:00:00.000000'),
(702, '2018-03-26 21:41:35.000000', 'chaminda', 'bkq3fbj3veak4qnprsfq9h8bc2', '0000-00-00 00:00:00.000000'),
(703, '2018-03-26 21:51:34.000000', 'chaminda', 'bkq3fbj3veak4qnprsfq9h8bc2', '0000-00-00 00:00:00.000000'),
(704, '2018-03-27 05:57:49.000000', 'chaminda', 'bkq3fbj3veak4qnprsfq9h8bc2', '0000-00-00 00:00:00.000000'),
(705, '2018-03-27 06:16:21.000000', 'Chaminda', 'bkq3fbj3veak4qnprsfq9h8bc2', '0000-00-00 00:00:00.000000'),
(706, '2018-03-27 07:12:57.000000', 'chaminda', 'bkq3fbj3veak4qnprsfq9h8bc2', '0000-00-00 00:00:00.000000'),
(707, '2018-03-27 07:51:35.000000', 'chaminda', 'bkq3fbj3veak4qnprsfq9h8bc2', '0000-00-00 00:00:00.000000'),
(708, '2018-03-27 09:38:03.000000', 'Harshagap', '6985b5bvu0r9c24em7s7qu8qe7', '0000-00-00 00:00:00.000000'),
(709, '2018-03-27 10:04:23.000000', 'afras.afras', '6melu3kbjb9v709hglbi4kb3h3', '0000-00-00 00:00:00.000000'),
(710, '2018-03-27 10:04:23.000000', 'afras.afras', '6melu3kbjb9v709hglbi4kb3h3', '0000-00-00 00:00:00.000000'),
(711, '2018-03-27 10:06:49.000000', 'afras.afras', '5kdteqa8pni7qfpgk5v8hq87j3', '0000-00-00 00:00:00.000000'),
(712, '2018-03-27 10:24:20.000000', 'Harshagap', '6985b5bvu0r9c24em7s7qu8qe7', '0000-00-00 00:00:00.000000'),
(713, '2018-03-27 12:04:02.000000', 'chaminda', 'bkq3fbj3veak4qnprsfq9h8bc2', '0000-00-00 00:00:00.000000'),
(714, '2018-03-27 12:12:03.000000', 'chaminda', 'bkq3fbj3veak4qnprsfq9h8bc2', '0000-00-00 00:00:00.000000'),
(715, '2018-03-27 12:31:44.000000', 'ruwan', 'r1ecni9d3vova41cvg2cq1r5p6', '0000-00-00 00:00:00.000000'),
(716, '2018-03-27 14:56:44.000000', 'Bandulaistaweera', '1el3bc1570nip41617kl3kn9k1', '0000-00-00 00:00:00.000000'),
(717, '2018-03-27 15:14:44.000000', 'RasikaSanjiwaPerera', 'elaua4nbu5ur9rv4gdji847505', '0000-00-00 00:00:00.000000'),
(718, '2018-03-27 15:37:45.000000', 'Thushara', 'guhr3afgpbbolma43p4s7rona2', '0000-00-00 00:00:00.000000'),
(719, '2018-03-27 15:37:46.000000', 'Thushara', 'guhr3afgpbbolma43p4s7rona2', '0000-00-00 00:00:00.000000'),
(720, '2018-03-28 09:03:02.000000', 'suresh', '9c9563v2fdtud3adgtgft11ho7', '0000-00-00 00:00:00.000000'),
(721, '2018-03-28 09:05:13.000000', 'suresh', '9c9563v2fdtud3adgtgft11ho7', '0000-00-00 00:00:00.000000'),
(722, '2018-03-28 09:34:16.000000', 'Geeganage-n', '42u9vsart0rp527suimbrseo63', '0000-00-00 00:00:00.000000'),
(723, '2018-03-28 10:18:18.000000', 'tmroomy', '8cibvk91prvkk5h8i8r9ehci51', '2018-03-28 13:07:23.000000'),
(724, '2018-03-28 10:35:03.000000', 'Geeganage-n', '42u9vsart0rp527suimbrseo63', '0000-00-00 00:00:00.000000'),
(725, '2018-03-28 10:39:24.000000', 'Suki', 'r925eqp12p21lkg519elgattu3', '0000-00-00 00:00:00.000000'),
(726, '2018-03-28 10:39:53.000000', 'Suki', 'u34o9422a2om76i080b4cvpv92', '0000-00-00 00:00:00.000000'),
(727, '2018-03-28 10:40:01.000000', 'Suki', 'n4ejj3k366o5h84b3gkk5amp83', '0000-00-00 00:00:00.000000'),
(728, '2018-03-28 10:40:15.000000', 'Suki', '8vdq931h85n2n0u77gd1k6un91', '0000-00-00 00:00:00.000000'),
(729, '2018-03-28 10:41:59.000000', 'Suki', '38mihji8jmvdq7slg8ho1lvfd2', '0000-00-00 00:00:00.000000'),
(730, '2018-03-28 11:34:47.000000', 'suresh', '9c9563v2fdtud3adgtgft11ho7', '0000-00-00 00:00:00.000000'),
(731, '2018-03-28 11:34:59.000000', 'Bandulaistaweera', '1j286clm7hmopoh9dlonqp10v7', '2018-03-28 12:33:49.000000'),
(732, '2018-03-28 12:13:44.000000', 'tmroomy', '8cibvk91prvkk5h8i8r9ehci51', '2018-03-28 13:07:23.000000'),
(733, '2018-03-28 12:22:22.000000', 'Samantha', '7v48utug7mograi9r6un6mh3r3', '0000-00-00 00:00:00.000000'),
(734, '2018-03-28 12:26:29.000000', 'indika', '6eu6fom6b1ldj0vmaavb2st1o6', '0000-00-00 00:00:00.000000'),
(735, '2018-03-28 12:29:39.000000', 'Bandulaistaweera', '1j286clm7hmopoh9dlonqp10v7', '2018-03-28 12:33:49.000000'),
(736, '2018-03-28 12:43:39.000000', 'Sameera', 'd4kcb663mr2r8srbfa1vq68fm4', '0000-00-00 00:00:00.000000'),
(737, '2018-03-28 12:45:01.000000', 'Sameera', 'd4kcb663mr2r8srbfa1vq68fm4', '0000-00-00 00:00:00.000000'),
(738, '2018-03-28 12:53:52.000000', 'Nowsry', '8cibvk91prvkk5h8i8r9ehci51', '2018-03-28 13:07:23.000000'),
(739, '2018-03-28 12:53:54.000000', 'Nowsry', '8cibvk91prvkk5h8i8r9ehci51', '2018-03-28 13:07:23.000000'),
(740, '2018-03-28 19:58:50.000000', 'Gayan kalinga', 'c3sf1nrdi6l0t0gasl3da51ef1', '0000-00-00 00:00:00.000000'),
(741, '2018-03-28 20:09:02.000000', 'Gayan kalinga', 'c3sf1nrdi6l0t0gasl3da51ef1', '0000-00-00 00:00:00.000000'),
(742, '2018-03-28 20:27:23.000000', 'NADEEKA', '7ci6rt9cg12trt8ufvnd359a17', '0000-00-00 00:00:00.000000'),
(743, '2018-03-28 20:47:04.000000', 'NADEEKA', '7ci6rt9cg12trt8ufvnd359a17', '0000-00-00 00:00:00.000000'),
(744, '2018-03-29 06:18:20.000000', 'Chathura-rp', '84m68i6l139kp00qobaj3opkg4', '0000-00-00 00:00:00.000000'),
(745, '2018-03-29 08:34:09.000000', 'cert', 'ike76mthc9qhi4nibquhch9771', '0000-00-00 00:00:00.000000'),
(746, '2018-03-29 08:42:28.000000', 'cert', 'ike76mthc9qhi4nibquhch9771', '0000-00-00 00:00:00.000000'),
(747, '2018-03-29 09:07:07.000000', 'ais', 'f111acr2obamuprhdbpm6cvkd0', '2018-03-29 09:54:32.000000'),
(748, '2018-03-29 09:54:40.000000', 'kandy', 's2gbg30drhlblu62tdh5unicp6', '2018-03-29 09:54:53.000000'),
(749, '2018-03-29 09:55:17.000000', 'kandy', 'udsq7m8fislnfal544duksgh84', '2018-03-29 10:04:59.000000'),
(750, '2018-03-29 10:05:16.000000', 'samitha', 'evvrucogc0neipmn151i945e83', '2018-03-29 10:08:07.000000'),
(751, '2018-03-29 10:08:30.000000', 'cert', 'n7sei7b97tpntja1ilt8gtpih3', '2018-03-29 10:31:37.000000'),
(752, '2018-03-29 10:31:39.000000', 'ais', 'l66p07j7autpfgojlgdn3k4os7', '2018-03-29 10:32:55.000000'),
(753, '2018-03-29 10:32:59.000000', 'cert', 'loei6r29v29i029jqunen5pk04', '2018-03-29 10:34:07.000000'),
(754, '2018-03-29 10:34:10.000000', 'ais', 'cajith0546u6bkikvbd8lg6si5', '2018-03-29 10:35:20.000000'),
(755, '2018-03-29 10:35:25.000000', 'cert', '6v4ga3cug8r062kigmu6hl2ku7', '2018-03-29 10:45:18.000000'),
(756, '2018-03-29 10:45:20.000000', 'ais', '5fknd5ab7rd0qlvv67d7j8t061', '2018-03-29 10:46:56.000000'),
(757, '2018-03-29 10:47:05.000000', 'cert', 'n8th1eottetc33dvg03ug9bfl6', '2018-03-29 10:56:53.000000'),
(758, '2018-03-29 10:56:56.000000', 'ais', 'lcii3h6vurp06em331jekb4ip4', '2018-03-29 10:58:36.000000'),
(759, '2018-03-29 10:58:44.000000', 'kandy', 'kuji3d8a9a0l2r19np7l3d5n06', '2018-03-29 11:06:54.000000'),
(760, '2018-03-29 11:06:56.000000', 'ais', 'eiffntffqr6bdqhc9jk9ed7ro1', '2018-03-29 11:49:26.000000'),
(761, '2018-03-29 12:29:44.000000', 'ais', '99h7j2lepee4js405otnmbn9v4', '2018-03-29 12:29:53.000000'),
(762, '2018-03-29 12:30:01.000000', 'samitha', 'rh3p7fb8h5kqbehfjlimat6gh6', '2018-03-29 15:17:45.000000'),
(763, '2018-04-05 11:31:31.000000', 'kandy', 'am0vf8js5iqvaq3dj6ejilksr0', '0000-00-00 00:00:00.000000'),
(764, '2018-04-18 09:53:52.000000', 'ais', '7j97al9atmvgdhqbs6nc7tuda3', '0000-00-00 00:00:00.000000'),
(765, '2018-04-20 11:15:43.000000', 'ais', 'k31mohd642iui592cqpdehlf74', '0000-00-00 00:00:00.000000'),
(766, '2018-05-02 09:32:02.000000', 'ais', '23qd91i6biona6dvu7dnv64jq3', '2018-05-02 10:33:41.000000'),
(767, '2018-05-02 10:33:48.000000', 'kandy', 'tug55lc2taqactae5en3ojilp2', '0000-00-00 00:00:00.000000'),
(768, '2018-05-04 13:58:26.000000', 'ais', 'comckc3d985nm4e8mpgchetv85', '0000-00-00 00:00:00.000000'),
(769, '2018-05-17 11:01:31.000000', 'ais', 'c2qtkds6hp2sajoo6turdsai46', '2018-05-17 11:15:12.000000'),
(770, '2018-05-17 11:15:17.000000', 'cert', '9f437ralsaqjld69cdadq0uu96', '2018-05-17 11:34:46.000000'),
(771, '2018-05-28 09:49:22.000000', 'cert', '9fgmfutpr23u0prt6figlgtfi7', '0000-00-00 00:00:00.000000'),
(772, '2018-06-12 11:49:11.000000', 'ais', 'uj4h0r7k69rhk7tk78jm6gebb6', '0000-00-00 00:00:00.000000'),
(773, '2018-07-05 11:12:33.000000', 'ais', 'v68n5ainpffmhkvghhoftb1i46', '2018-07-05 12:33:43.000000'),
(774, '2018-07-05 11:16:30.000000', 'ais', 'v68n5ainpffmhkvghhoftb1i46', '2018-07-05 12:33:43.000000'),
(775, '2018-07-12 15:17:59.000000', 'ais', '5stb4b9bi6v3i8s249vl8utpa2', '2018-07-12 15:23:45.000000'),
(776, '2018-07-12 15:24:30.000000', 'cert', 'o54bkqd161cju616dler221ol2', '2018-07-12 15:28:54.000000'),
(777, '2018-07-12 15:29:24.000000', 'kandy', 'n89uag48vqdskbb0m3lrbna127', '2018-07-12 15:29:38.000000'),
(778, '2018-07-12 15:29:45.000000', 'ais', 'vqle73mvvf1rm0c7s56abbmr91', '2018-07-12 15:30:22.000000'),
(779, '2018-08-01 11:55:42.000000', 'ais', 'p9tmes97p0sunahriiattbj1q0', '0000-00-00 00:00:00.000000'),
(780, '2018-10-04 11:07:41.000000', 'ais', 'puu70ne9cncnid8oph60c57hd4', '0000-00-00 00:00:00.000000'),
(781, '2018-11-12 09:31:12.000000', 'ais', '29vm8fkeh6mvk2da6qvkutfff5', '2018-11-12 09:37:15.000000'),
(782, '2018-11-12 09:37:21.000000', 'cert', 'cv1h6sckkluvf7sr5qentr14i5', '0000-00-00 00:00:00.000000'),
(783, '2018-12-04 10:44:41.000000', 'ais', '0mvgkmv3akll5k7jat4p0ukje4', '0000-00-00 00:00:00.000000'),
(784, '2018-12-04 13:02:33.000000', 'ais', 'b31649mtih6j63ev853c4pai37', '0000-00-00 00:00:00.000000'),
(785, '2019-01-24 08:49:00.000000', 'ais', '4v6rfcma837itfo823ahik7u42', '0000-00-00 00:00:00.000000'),
(786, '2019-03-14 09:58:30.000000', 'samitha', 'ecepio3t5bhqq3bl5siemdrhg6', '0000-00-00 00:00:00.000000'),
(787, '2019-03-14 10:56:48.000000', 'samitha', 'ecepio3t5bhqq3bl5siemdrhg6', '0000-00-00 00:00:00.000000'),
(788, '2019-03-15 09:14:13.000000', 'samitha', 'rad1cs54lp6vsdeaf1lor9ctl2', '0000-00-00 00:00:00.000000'),
(789, '2019-12-03 07:40:25.000000', 'ais', '27jurap3a59hmluoq150ijk4j2', '2019-12-03 07:44:53.000000'),
(790, '2019-12-03 07:44:58.000000', 'cert', '9flnb752hmtsbv41thj3s528r1', '2019-12-03 07:46:18.000000'),
(791, '2019-12-03 07:47:12.000000', 'admin', 'o4qfslj8v7j1aokdo4ac707565', '2019-12-03 07:48:09.000000'),
(792, '2019-12-03 07:48:34.000000', 'admin', 'attib7gmp9quoeni7o3n771fo0', '2019-12-03 07:49:20.000000'),
(793, '2019-12-03 07:49:26.000000', 'testsam', 'ga42mrq3nbd2b1s3tt979l2sv4', '2019-12-03 07:50:45.000000'),
(794, '2019-12-03 07:50:52.000000', 'cert', 'jia7om1ie984707vv6jgjr5en5', '2019-12-03 08:28:20.000000'),
(795, '2019-12-03 07:54:30.000000', 'ais', '2749d95t4mqd5qj26bnv8uujv0', '2019-12-03 07:55:35.000000'),
(796, '2019-12-03 07:55:44.000000', 'testsam', '7pa8limu6g7q2ud490s079lmt4', '2019-12-03 08:01:57.000000'),
(797, '2019-12-03 08:02:01.000000', 'cert', 'gc898n2h1qo8foabo9qteo4t73', '0000-00-00 00:00:00.000000'),
(798, '2019-12-03 08:28:25.000000', 'admin', '81v3278epdaudfp1g7ne97ott2', '2019-12-03 08:29:19.000000'),
(799, '2019-12-03 08:29:23.000000', 'testsam2', 's8gnjmt66aju827qobbnrn6233', '2019-12-03 08:29:57.000000'),
(800, '2019-12-03 08:30:01.000000', 'cert', 'ebcjl8fhs52o8u95rnl48nrqh6', '0000-00-00 00:00:00.000000'),
(801, '2019-12-06 08:30:45.000000', 'testsam', 'k1ud6m2h27sq1au4l1lnsgmhl0', '2019-12-06 08:31:10.000000'),
(802, '2019-12-06 08:31:16.000000', 'testsam2', '9n3i9bn1127nhfvcsbbso3u2n4', '2019-12-06 08:31:29.000000'),
(803, '2019-12-06 08:31:44.000000', 'admin', '7e3jg1ongn0qb3inn8cg2d6nk1', '2019-12-06 08:31:49.000000'),
(804, '2019-12-06 08:31:56.000000', 'cert', 'el1kit9repe9o27fc5nf45onj4', '2019-12-06 08:32:05.000000'),
(805, '2019-12-06 09:20:11.000000', 'admin', '4ig9gl4mdurq57kn0vcnp9vfh4', '2019-12-06 09:22:19.000000'),
(806, '2019-12-06 09:22:46.000000', 'testsam', 'lomn6105ioa0abktciklopsc93', '2019-12-06 09:27:43.000000'),
(807, '2019-12-06 09:27:56.000000', 'testsam2', 'h05b2scbcl6um1lp70hstlo1v5', '2019-12-06 09:29:14.000000'),
(808, '2019-12-06 09:29:26.000000', 'cert', 'k5vi6ki4ehkpcnhc598v46g1s6', '2019-12-06 09:37:08.000000'),
(809, '2019-12-06 09:37:12.000000', 'testsam2', '9i0ge4g70jnii8ot5h0m57fmm0', '2019-12-06 09:43:31.000000'),
(810, '2019-12-06 09:43:35.000000', 'testsam2', 'ojv5ip0ofk6d0a1lr39q9kq7g6', '2019-12-06 09:47:31.000000'),
(811, '2019-12-06 09:47:38.000000', 'cert', 'qk62n6vtbcp6f450q8e99rubd0', '2019-12-06 09:49:06.000000'),
(812, '2019-12-06 09:49:12.000000', 'testsam', 'fl7t5up5id3gcjsto5k28ps735', '2019-12-06 09:51:30.000000'),
(813, '2019-12-06 09:51:37.000000', 'admin', '1i58265t9nd0e6mtjg86bs31i7', '2019-12-06 09:52:44.000000'),
(814, '2019-12-06 09:59:08.000000', 'testsam2', '6h9mvle636k0rsnb5ecvug4f81', '2019-12-06 10:07:02.000000'),
(815, '2019-12-06 10:07:13.000000', 'cert', 'slhdh7dqk6lvj2jo3lrs1ftcc3', '2019-12-06 10:07:46.000000'),
(816, '2019-12-06 10:09:29.000000', 'cert', 'ju90tv8gqnltnc9g8ghm0joe64', '0000-00-00 00:00:00.000000'),
(817, '2019-12-04 13:19:50.000000', 'admin1', '91shcfepqs5bjnvths4tjlfsov', '2019-12-04 13:25:57.000000'),
(818, '2019-12-04 13:26:51.000000', 'cert', '595dk8nd693nva4111ssoddhka', '2019-12-04 13:35:40.000000'),
(819, '2019-12-04 13:35:56.000000', 'ais', 'bcrrevcgka8ali9qb8mkrimkev', '2019-12-04 17:42:39.000000'),
(820, '2019-12-04 17:41:05.000000', 'cert', 'bcrrevcgka8ali9qb8mkrimkev', '2019-12-04 17:42:39.000000'),
(821, '2019-12-04 17:43:49.000000', 'ais', 'ee23iom0kpvdajsqm7m96bup6d', '2019-12-04 17:49:00.000000'),
(822, '2019-12-04 20:41:16.000000', 'admin1', 'uq5g2j0iu03nno32ihl5nrhpm7', '2019-12-04 22:50:36.000000'),
(823, '2019-12-04 22:50:01.000000', 'admin1', 'uq5g2j0iu03nno32ihl5nrhpm7', '2019-12-04 22:50:36.000000'),
(824, '2019-12-04 22:50:43.000000', 'ais', 'ih8rl0gacfjg4d78mc5ip5s4b9', '2019-12-04 22:53:36.000000'),
(825, '2019-12-04 22:53:41.000000', 'cert', 'o8sbjc4sn1bs54b78m7u7089av', '2019-12-04 23:14:40.000000'),
(826, '2019-12-04 23:14:50.000000', 'admin1', '37hsinrg7b9la18gfkvbqqiquv', '2019-12-04 23:26:51.000000'),
(827, '2019-12-04 23:26:58.000000', 'ais', 'viiab70scfq2n0t74krnmrt0mk', '2019-12-04 23:33:29.000000'),
(828, '2019-12-04 23:35:01.000000', 'Diluka', 's8df3csapookc1b9s4rs9b18ob', '2019-12-05 08:47:55.000000'),
(829, '2019-12-05 01:00:11.000000', 'ais', 's8df3csapookc1b9s4rs9b18ob', '2019-12-05 08:47:55.000000'),
(830, '2019-12-05 08:24:40.000000', 'rafiya', 's8df3csapookc1b9s4rs9b18ob', '2019-12-05 08:47:55.000000'),
(831, '2019-12-05 08:51:01.000000', 'rafiya', '9df11dnkt4oc5vegjh5sgtbs48', '2019-12-05 08:51:06.000000'),
(832, '2019-12-05 08:51:17.000000', 'rafiya', '3gmgq1r18khal38nm3aihgm4mm', '2019-12-05 09:43:24.000000'),
(833, '2019-12-05 09:42:23.000000', 'rafiya', '3gmgq1r18khal38nm3aihgm4mm', '2019-12-05 09:43:24.000000'),
(834, '2019-12-05 10:14:53.000000', 'rafiya', 'pmclq83hg1ofmvba16tulg3qh5', '2019-12-16 13:45:29.000000'),
(835, '2019-12-05 10:14:53.000000', 'rafiya', 'pmclq83hg1ofmvba16tulg3qh5', '2019-12-16 13:45:29.000000'),
(836, '2019-12-05 10:14:56.000000', 'rafiya', 'pmclq83hg1ofmvba16tulg3qh5', '2019-12-16 13:45:29.000000'),
(837, '2019-12-16 18:01:39.000000', 'rafiya', '41sqisoac44bkpmtpoc1ii49co', '0000-00-00 00:00:00.000000'),
(838, '2019-12-16 18:01:39.000000', 'rafiya', '41sqisoac44bkpmtpoc1ii49co', '0000-00-00 00:00:00.000000'),
(839, '2019-12-17 19:52:57.000000', 'rafiya', 'ph42a71cdqmespluog9m6uvg4m', '2019-12-17 19:53:45.000000'),
(840, '2019-12-17 19:53:53.000000', 'ais', '580a0c0gm9aduh6m4djiqtbku2', '0000-00-00 00:00:00.000000'),
(841, '2019-12-17 20:00:23.000000', 'ais', 'k073k60v62tqaruan3msesuqfc', '2019-12-17 20:41:52.000000'),
(842, '2019-12-17 20:41:41.000000', 'rafiya', 'k073k60v62tqaruan3msesuqfc', '2019-12-17 20:41:52.000000'),
(843, '2019-12-17 20:41:57.000000', 'ais', '65ch2vh065drhfc5b5mmk8rj0g', '2019-12-24 20:14:22.000000'),
(844, '2019-12-24 18:33:51.000000', 'ais', '65ch2vh065drhfc5b5mmk8rj0g', '2019-12-24 20:14:22.000000'),
(845, '2019-12-24 18:33:52.000000', 'ais', '65ch2vh065drhfc5b5mmk8rj0g', '2019-12-24 20:14:22.000000'),
(846, '2019-12-24 20:14:03.000000', 'ais', '65ch2vh065drhfc5b5mmk8rj0g', '2019-12-24 20:14:22.000000'),
(847, '2019-12-24 20:14:37.000000', 'ais', 'd7991l3c7nruph3e9uptcbnuuk', '2019-12-24 20:42:59.000000'),
(848, '2019-12-24 20:38:30.000000', 'ais', 'd7991l3c7nruph3e9uptcbnuuk', '2019-12-24 20:42:59.000000'),
(849, '2019-12-24 20:43:19.000000', 'ais', 'ldh807mogk4462i1s0ccad5q9f', '2019-12-24 22:50:50.000000'),
(850, '2019-12-24 21:13:30.000000', 'ais', 'ldh807mogk4462i1s0ccad5q9f', '2019-12-24 22:50:50.000000'),
(851, '2019-12-24 22:50:15.000000', 'rafiya', 'ldh807mogk4462i1s0ccad5q9f', '2019-12-24 22:50:50.000000'),
(852, '2019-12-24 22:50:54.000000', 'ais', 'jd90ajltojj6co7n1mlf8f4t6f', '0000-00-00 00:00:00.000000'),
(853, '2019-12-25 00:14:53.000000', 'admin1', 'jd90ajltojj6co7n1mlf8f4t6f', '0000-00-00 00:00:00.000000'),
(854, '2019-12-25 00:45:28.000000', 'ais', 'irp2o1crfe4lrhdgi7aamg6pcb', '0000-00-00 00:00:00.000000'),
(855, '2019-12-25 01:08:20.000000', 'ais', 'o3ab7alnlmvuruqajsn9g2hmtk', '0000-00-00 00:00:00.000000'),
(856, '2019-12-25 02:12:00.000000', 'ais', 'nahm1j54jr8ip30eg83or04oga', '2019-12-25 02:12:11.000000'),
(857, '2019-12-25 02:12:17.000000', 'rafiya', 'fprjv03edcch73gm89eb1qjnq3', '2019-12-25 02:12:24.000000'),
(858, '2019-12-25 02:12:32.000000', 'ais', '8d6st6tei2esic22oucdb0rb3m', '0000-00-00 00:00:00.000000'),
(859, '2019-12-25 02:19:04.000000', 'ais', '13jr9rifb8alvrl4e3bhbo4ibg', '2019-12-25 03:06:44.000000'),
(860, '2019-12-25 02:49:29.000000', 'ais', '13jr9rifb8alvrl4e3bhbo4ibg', '2019-12-25 03:06:44.000000'),
(861, '2019-12-25 03:07:08.000000', 'admin1', '2hph2r7cclin3lr8fbfk8feqe5', '2019-12-25 03:10:43.000000'),
(862, '2019-12-25 03:25:17.000000', 'admin1', '5vm6uilba28ctrsm163o2qib7t', '2019-12-25 03:28:24.000000'),
(863, '2019-12-25 03:28:27.000000', 'admin1', '7ddopev87rqdaph1hvaqt6m9gh', '2019-12-25 03:29:04.000000'),
(864, '2019-12-25 03:29:22.000000', 'admin1', 'jk6bjh6m1f5rqba3mk97da93fo', '2019-12-25 03:47:00.000000'),
(865, '2019-12-25 03:47:12.000000', 'udara', 's64gkemauas8ebsdtcj45dq6jn', '2019-12-25 03:48:39.000000'),
(866, '2019-12-25 03:51:27.000000', 'admin1', '1l6nhptt23t785ho5tl1n9knpq', '2019-12-25 03:52:01.000000'),
(867, '2019-12-25 03:52:05.000000', 'admin1', '55aj85eg5j0ml3e3aiav7jslhd', '2019-12-25 03:52:25.000000'),
(868, '2019-12-25 03:52:28.000000', 'admin1', 'unp45gjcqrnmqaalqlfc31tbah', '2019-12-25 04:17:04.000000'),
(869, '2019-12-25 04:17:08.000000', 'ais', 'p7at461i0o78lmi6ijjek1sc19', '0000-00-00 00:00:00.000000'),
(870, '2019-12-25 04:17:15.000000', 'ais', 'p7at461i0o78lmi6ijjek1sc19', '0000-00-00 00:00:00.000000'),
(871, '2019-12-25 04:17:23.000000', 'ais', 'p7at461i0o78lmi6ijjek1sc19', '0000-00-00 00:00:00.000000'),
(872, '2019-12-25 04:19:26.000000', 'ais', 'p7at461i0o78lmi6ijjek1sc19', '0000-00-00 00:00:00.000000'),
(873, '2019-12-25 04:24:45.000000', 'ais', 'p7at461i0o78lmi6ijjek1sc19', '0000-00-00 00:00:00.000000'),
(874, '2019-12-25 04:31:20.000000', 'ais', '2e5jnfiad4hrfvd52sgmgt8pcn', '2019-12-25 12:55:40.000000'),
(875, '2019-12-25 12:55:30.000000', 'rafiya', '2e5jnfiad4hrfvd52sgmgt8pcn', '2019-12-25 12:55:40.000000'),
(876, '2019-12-25 12:55:45.000000', 'ais', '9eiic7rman4369b5t73jof2oq9', '0000-00-00 00:00:00.000000');

-- --------------------------------------------------------

--
-- Table structure for table `activity_log`
--

CREATE TABLE `activity_log` (
  `id` int(11) NOT NULL,
  `email` varchar(30) NOT NULL,
  `date_time` datetime(6) NOT NULL,
  `action` varchar(30) NOT NULL,
  `table_name` varchar(20) NOT NULL,
  `rec_no` int(20) NOT NULL
) ENGINE=InnoDB DEFAULT CHARSET=latin1;

--
-- Dumping data for table `activity_log`
--

INSERT INTO `activity_log` (`id`, `email`, `date_time`, `action`, `table_name`, `rec_no`) VALUES
(1, 'Kumbeycabemb@gmail.com', '2018-03-21 10:25:12.000000', 'in', 'farmer_details', 1),
(2, 'nandasiri.aic@gmail.com', '2018-03-21 10:46:02.000000', 'in', 'farmer_details', 2),
(3, 'igunasekara@ymail.com', '2018-03-21 11:09:24.000000', 'in', 'farmer_details', 3),
(4, 'nilukaharischandra@gmail.com', '2018-03-21 11:10:56.000000', 'in', 'farmer_details', 4),
(5, 'nandasiri.aic@gmail.com', '2018-03-21 11:11:33.000000', 'in', 'farmer_details', 5),
(6, 'gunarathnadp148@gmail.com', '2018-03-21 11:15:44.000000', 'in', 'farmer_details', 6),
(7, 'pradeepikamaduranga100@gmail.c', '2018-03-21 11:17:43.000000', 'in', 'farmer_details', 7),
(8, 'lasanthas222@gmail.com', '2018-03-21 11:18:03.000000', 'in', 'farmer_details', 8),
(9, 'dhammiperere71@gmail.com', '2018-03-21 11:19:56.000000', 'dl', 'farmer_details', 3),
(10, 'aichaminda417@gmail.com', '2018-03-21 11:19:58.000000', 'in', 'farmer_details', 9),
(11, 'afras.afras@yahoo.co.uk', '2018-03-21 11:21:40.000000', 'in', 'farmer_details', 10),
(12, 'isharaabeywardhana@gmail.com', '2018-03-21 11:22:15.000000', 'in', 'farmer_details', 11),
(13, 'Rchamara.ruwan@gmail.com', '2018-03-21 11:22:36.000000', 'in', 'farmer_details', 12),
(14, '', '2018-03-21 11:22:40.000000', 'dl', 'farmer_details', 9),
(15, 'Rchamara.ruwan@gmail.com', '2018-03-21 11:23:28.000000', 'in', 'farmer_details', 13),
(16, 'Rchamara.ruwan@gmail.com', '2018-03-21 11:23:32.000000', 'in', 'farmer_details', 14),
(17, 'gunarathnadp148@gmail.com', '2018-03-21 11:23:46.000000', 'in', 'farmer_details', 15),
(18, 'dimuthuaruna@gmail.com', '2018-03-21 11:23:50.000000', 'in', 'farmer_details', 16),
(19, 'bandulaishtaweera@gmail.com', '2018-03-21 11:24:12.000000', 'in', 'farmer_details', 17),
(20, 'mithiladharmasena85@gmail.com', '2018-03-21 11:25:50.000000', 'in', 'farmer_details', 18),
(21, 'igunasekara@ymail.com', '2018-03-21 11:25:56.000000', 'in', 'farmer_details', 19),
(22, 'vthampa2016@gmail.com', '2018-03-21 11:26:06.000000', 'in', 'farmer_details', 20),
(23, 'bandarasamp123@gmail.com', '2018-03-21 11:26:19.000000', 'in', 'farmer_details', 21),
(24, 'luckywijesekara76@gmail.com', '2018-03-21 11:26:23.000000', 'in', 'farmer_details', 22),
(25, 'anushka.dissanayake@gmail.com', '2018-03-21 11:26:34.000000', 'in', 'farmer_details', 23),
(26, 'nandasiri.aic@gmail.com', '2018-03-21 11:26:43.000000', 'in', 'farmer_details', 24),
(27, 'rashanijayathilaka@hotmail.com', '2018-03-21 11:26:59.000000', 'in', 'farmer_details', 25),
(28, 'ayeshmip@gmail.com', '2018-03-21 11:27:07.000000', 'in', 'farmer_details', 26),
(29, 'athulab8@gmail.com', '2018-03-21 11:27:37.000000', 'in', 'farmer_details', 27),
(30, 'wanasinghemanoj@jmail.com', '2018-03-21 11:27:51.000000', 'in', 'farmer_details', 29),
(31, 'dumindamaduranga1990@gmail.com', '2018-03-21 11:28:00.000000', 'in', 'farmer_details', 30),
(32, 'chathuradeshapriya92@gmail.com', '2018-03-21 11:28:10.000000', 'in', 'farmer_details', 31),
(33, 'Kumbeycabemb@gmail.com', '2018-03-21 11:28:11.000000', 'in', 'farmer_details', 32),
(34, 'asankaidunil.ag@gmail.com', '2018-03-21 11:28:13.000000', 'in', 'farmer_details', 33),
(35, 'nadeekadilrukshi.doa@gmail.com', '2018-03-21 11:28:15.000000', 'in', 'farmer_details', 34),
(36, '', '2018-03-21 11:28:38.000000', 'dl', 'farmer_details', 25),
(37, 'afras.afras@yahoo.co.uk', '2018-03-21 11:28:51.000000', 'in', 'farmer_details', 35),
(38, 'aicabtharanga@gmail.com', '2018-03-21 11:29:11.000000', 'in', 'farmer_details', 36),
(39, 'sanekanayaka87@gmail.com', '2018-03-21 11:29:11.000000', 'in', 'farmer_details', 37),
(40, 'chinthakahs@gmail.com', '2018-03-21 11:29:14.000000', 'in', 'farmer_details', 38),
(41, 'ulrsperera79@gmail.com', '2018-03-21 11:29:21.000000', 'in', 'farmer_details', 39),
(42, 'ghatsaman@gmail.com', '2018-03-21 11:29:21.000000', 'in', 'farmer_details', 40),
(43, 'nandasiri.aic@gmail.com', '2018-03-21 11:29:38.000000', 'ud', 'farmer_details', 2),
(44, 'vthampa2016@gmail.com', '2018-03-21 11:30:18.000000', 'ud', 'farmer_details', 20),
(45, 'renuiriyagolla@gmail.com', '2018-03-21 11:30:24.000000', 'in', 'farmer_details', 41),
(46, 'nilukaharischandra@gmail.com', '2018-03-21 11:30:31.000000', 'in', 'farmer_details', 42),
(47, 'sureshchaturanga500@gmail.com', '2018-03-21 11:30:51.000000', 'in', 'farmer_details', 43),
(48, 'nhattanayaka@gmail.com', '2018-03-21 11:31:00.000000', 'in', 'farmer_details', 44),
(49, 'dumindamaduranga1990@gmail.com', '2018-03-21 11:31:01.000000', 'ud', 'farmer_details', 30),
(50, 'gayankalinga00@gmail.com', '2018-03-21 11:31:07.000000', 'in', 'farmer_details', 45),
(51, 'jaatawuda1969@gmail.com', '2018-03-21 11:31:39.000000', 'in', 'farmer_details', 46),
(52, 'l.liyinthan2@gmail.com', '2018-03-21 11:31:54.000000', 'in', 'farmer_details', 47),
(53, 'thusara.rajapaksha1214@gmail.c', '2018-03-21 11:32:18.000000', 'in', 'farmer_details', 48),
(54, 'lakmaleranda34@gmail.com', '2018-03-21 11:32:40.000000', 'in', 'farmer_details', 49),
(55, 'manashathilini123@gmail.com', '2018-03-21 11:33:23.000000', 'in', 'farmer_details', 50),
(56, 'sukiagri1239@gmail.com', '2018-03-21 11:33:40.000000', 'in', 'farmer_details', 51),
(57, 'aichaminda417@gmail.com', '2018-03-21 11:34:06.000000', 'in', 'farmer_details', 52),
(58, 'athulab8@gmail.com', '2018-03-21 11:34:11.000000', 'in', 'lands', 3),
(59, 'kthiruvarutchelvan@gmail.com', '2018-03-21 11:34:18.000000', 'in', 'farmer_details', 53),
(60, 'nhattanayaka@gmail.com', '2018-03-21 11:34:28.000000', 'ud', 'farmer_details', 44),
(61, 'isharaabeywardhana@gmail.com', '2018-03-21 11:34:58.000000', 'in', 'farmer_details', 55),
(62, 'dsnpdissa1979@gmail.com', '2018-03-21 11:34:59.000000', 'in', 'farmer_details', 54),
(63, 'igunasekara@ymail.com', '2018-03-21 11:35:03.000000', 'in', 'farmer_details', 56),
(64, 'dumindamaduranga1990@gmail.com', '2018-03-21 11:35:06.000000', 'ud', 'farmer_details', 30),
(65, 'Kumbeycabemb@gmail.com', '2018-03-21 11:35:20.000000', 'in', 'farmer_details', 57),
(66, 'chinthakaukc@gmail.com', '2018-03-21 11:35:30.000000', 'in', 'farmer_details', 58),
(67, 'l.liyinthan2@gmail.com', '2018-03-21 11:35:38.000000', 'ud', 'farmer_details', 47),
(68, 'l.liyinthan2@gmail.com', '2018-03-21 11:35:39.000000', 'ud', 'farmer_details', 47),
(69, 'lasanthas222@gmail.com', '2018-03-21 11:36:10.000000', 'in', 'farmer_details', 60),
(70, 'abdeenilham@gmail.com', '2018-03-21 11:36:19.000000', 'in', 'farmer_details', 59),
(71, 'anushka.dissanayake@gmail.com', '2018-03-21 11:36:28.000000', 'ud', 'farmer_details', 23),
(72, 'chamariguruge2013@gmail.com', '2018-03-21 11:36:36.000000', 'in', 'farmer_details', 61),
(73, 'nowsry@gmail.com', '2018-03-21 11:36:48.000000', 'in', 'farmer_details', 62),
(74, 'mohamednafoor@gmail.com', '2018-03-21 11:36:48.000000', 'in', 'farmer_details', 63),
(75, 'dhammiperere71@gmail.com', '2018-03-21 11:37:16.000000', 'in', 'farmer_details', 64),
(76, 'ppriyadarshana740@gmail.com', '2018-03-21 11:37:49.000000', 'in', 'farmer_details', 65),
(77, 'kamil8866@yahoo.com', '2018-03-21 11:37:56.000000', 'in', 'farmer_details', 66),
(78, 'akanbym2@gmail.com', '2018-03-21 11:38:00.000000', 'in', 'farmer_details', 67),
(79, 'siyad19881128@gmail.com', '2018-03-21 11:38:07.000000', 'in', 'farmer_details', 68),
(80, 'malindapwijesuriya@gmail.com', '2018-03-21 11:38:08.000000', 'in', 'farmer_details', 69),
(81, 'nandasiri.aic@gmail.com', '2018-03-21 11:38:45.000000', 'in', 'farmer_details', 70),
(82, 'nskkawmudika@gmail.com', '2018-03-21 11:39:17.000000', 'in', 'farmer_details', 71),
(83, 'dilukarrathnathilaka@gmail.com', '2018-03-21 11:39:45.000000', 'in', 'farmer_details', 72),
(84, 'aicabtharanga@gmail.com', '2018-03-21 11:40:39.000000', 'in', 'farmer_details', 73),
(85, 'Rchamara.ruwan@gmail.com', '2018-03-21 11:41:20.000000', 'in', 'farmer_details', 74),
(86, 'tmroomy10@gmail.com', '2018-03-21 11:41:28.000000', 'in', 'farmer_details', 75),
(87, 'jaatawuda1969@gmail.com', '2018-03-21 11:42:04.000000', 'in', 'lands', 9),
(88, 'l.liyinthan2@gmail.com', '2018-03-21 11:42:12.000000', 'ud', 'farmer_details', 47),
(89, 'l.liyinthan2@gmail.com', '2018-03-21 11:42:12.000000', 'ud', 'farmer_details', 47),
(90, 'l.liyinthan2@gmail.com', '2018-03-21 11:42:27.000000', 'ud', 'farmer_details', 47),
(91, 'nandasiri.aic@gmail.com', '2018-03-21 11:42:55.000000', 'in', 'farmer_details', 76),
(92, 'isharaabeywardhana@gmail.com', '2018-03-21 11:43:06.000000', 'in', 'farmer_details', 77),
(93, 'siyad19881128@gmail.com', '2018-03-21 11:43:51.000000', 'ud', 'farmer_details', 68),
(94, 'Rchamara.ruwan@gmail.com', '2018-03-21 11:44:03.000000', 'in', 'farmer_details', 80),
(95, 'sameerasandawanni90@gmail.com', '2018-03-21 11:44:03.000000', 'in', 'farmer_details', 78),
(96, 'sameerasandawanni90@gmail.com', '2018-03-21 11:44:04.000000', 'in', 'farmer_details', 79),
(97, 'Kumbeycabemb@gmail.com', '2018-03-21 11:45:29.000000', 'in', 'farmer_details', 81),
(98, 'hmriyal1@gmail.com', '2018-03-21 11:45:30.000000', 'in', 'farmer_details', 82),
(99, 'luckywijesekara76@gmail.com', '2018-03-21 11:46:09.000000', 'in', 'farmer_details', 83),
(100, 'chirantha77@gmail.com', '2018-03-21 11:46:11.000000', 'in', 'farmer_details', 84),
(101, 'nishaninilanthika@gmail.com', '2018-03-21 11:46:25.000000', 'in', 'farmer_details', 85),
(102, 'dhammiperere71@gmail.com', '2018-03-21 11:47:20.000000', 'in', 'farmer_details', 86),
(103, 'kthiruvarutchelvan@gmail.com', '2018-03-21 11:47:48.000000', 'ud', 'farmer_details', 53),
(104, 'sanekanayaka87@gmail.com', '2018-03-21 11:48:06.000000', 'in', 'farmer_details', 87),
(105, 'anushka.dissanayake@gmail.com', '2018-03-21 11:48:15.000000', 'in', 'farmer_details', 88),
(106, 'nskkawmudika@gmail.com', '2018-03-21 11:48:25.000000', 'in', 'farmer_details', 89),
(107, 'chinthakahs@gmail.com', '2018-03-21 11:49:36.000000', 'in', 'farmer_details', 90),
(108, 'Rchamara.ruwan@gmail.com', '2018-03-21 11:49:37.000000', 'in', 'farmer_details', 91),
(109, 'nadeekadilrukshi.doa@gmail.com', '2018-03-21 11:49:38.000000', 'in', 'farmer_details', 92),
(110, '', '2018-03-21 11:49:54.000000', 'dl', 'farmer_details', 49),
(111, 'aichaminda417@gmail.com', '2018-03-21 11:50:15.000000', 'in', 'farmer_details', 93),
(112, 'athulanarayana72@gmail.com', '2018-03-21 11:50:35.000000', 'in', 'farmer_details', 94),
(113, 'nandasiri.aic@gmail.com', '2018-03-21 11:50:43.000000', 'in', 'farmer_details', 95),
(114, 'ayeshmip@gmail.com', '2018-03-21 11:51:02.000000', 'in', 'farmer_details', 96),
(115, 'ghatsaman@gmail.com', '2018-03-21 11:51:35.000000', 'in', 'farmer_details', 97),
(116, 'akanbym2@gmail.com', '2018-03-21 11:52:01.000000', 'in', 'farmer_details', 98),
(117, 'chamariguruge2013@gmail.com', '2018-03-21 11:52:22.000000', 'in', 'farmer_details', 99),
(118, 'ppriyadarshana740@gmail.com', '2018-03-21 11:52:23.000000', 'in', 'farmer_details', 100),
(119, 'hmriyal1@gmail.com', '2018-03-21 11:52:32.000000', 'dl', 'farmer_details', 82),
(120, 'darshikathusha03@gmail.com', '2018-03-21 11:52:34.000000', 'in', 'farmer_details', 101),
(121, 'pradeepikamaduranga100@gmail.c', '2018-03-21 11:53:06.000000', 'in', 'farmer_details', 102),
(122, 'siyad19881128@gmail.com', '2018-03-21 11:53:10.000000', 'ud', 'farmer_details', 68),
(123, 'l.liyinthan2@gmail.com', '2018-03-21 11:54:23.000000', 'in', 'farmer_details', 0),
(124, 'nandasiri.aic@gmail.com', '2018-03-21 11:55:02.000000', 'in', 'farmer_details', 103),
(125, 'nadeekadilrukshi.doa@gmail.com', '2018-03-21 11:55:33.000000', 'in', 'farmer_details', 104),
(126, 'nafees.mfm79@gmail.com', '2018-03-21 11:56:06.000000', 'in', 'farmer_details', 105),
(127, 'anushka.dissanayake@gmail.com', '2018-03-21 11:56:08.000000', 'in', 'lands', 20),
(128, 'kthiruvarutchelvan@gmail.com', '2018-03-21 11:56:41.000000', 'in', 'lands', 22),
(129, 'bandulaishtaweera@gmail.com', '2018-03-21 11:57:49.000000', 'ud', 'farmer_details', 17),
(130, 'aicabtharanga@gmail.com', '2018-03-21 11:58:39.000000', 'in', 'lands', 23),
(131, 'l.liyinthan2@gmail.com', '2018-03-21 11:58:45.000000', 'in', 'farmer_details', 106),
(132, 'l.liyinthan2@gmail.com', '2018-03-21 11:58:46.000000', 'in', 'farmer_details', 107),
(133, 'nilukaharischandra@gmail.com', '2018-03-21 11:58:53.000000', 'ud', 'farmer_details', 42),
(134, 'rashanijayathilaka@hotmail.com', '2018-03-21 11:59:24.000000', 'in', 'farmer_details', 108),
(135, 'bandulaishtaweera@gmail.com', '2018-03-21 11:59:45.000000', 'ud', 'farmer_details', 17),
(136, 'ulrsperera79@gmail.com', '2018-03-21 12:01:15.000000', 'in', 'lands', 24),
(137, 'mmjameelm@gmail.com', '2018-03-21 12:01:28.000000', 'in', 'farmer_details', 109),
(138, 'nihalajith70@gmail.com', '2018-03-21 12:01:55.000000', 'in', 'farmer_details', 110),
(139, 'rashanijayathilaka@hotmail.com', '2018-03-21 12:03:05.000000', 'in', 'lands', 31),
(140, 'akanbym2@gmail.com', '2018-03-21 12:03:40.000000', 'in', 'lands', 32),
(141, 'dsnpdissa1979@gmail.com', '2018-03-21 12:03:50.000000', 'in', 'lands', 34),
(142, 'tmroomy10@gmail.com', '2018-03-21 12:04:24.000000', 'dl', 'farmer_details', 75),
(143, 'pradeepikamaduranga100@gmail.c', '2018-03-21 12:05:01.000000', 'in', 'lands', 37),
(144, 'luckywijesekara76@gmail.com', '2018-03-21 12:05:06.000000', 'in', 'lands', 38),
(145, 'siyad19881128@gmail.com', '2018-03-21 12:05:47.000000', 'ud', 'farmer_details', 68),
(146, 'sanekanayaka87@gmail.com', '2018-03-21 12:06:23.000000', 'in', 'lands', 43),
(147, 'athulab8@gmail.com', '2018-03-21 12:07:03.000000', 'ud', 'lands', 3),
(148, 'aicabtharanga@gmail.com', '2018-03-21 12:08:23.000000', 'in', 'lands', 45),
(149, 'dhammiperere71@gmail.com', '2018-03-21 12:08:33.000000', 'in', 'lands', 46),
(150, 'athulab8@gmail.com', '2018-03-21 12:09:01.000000', 'ud', 'lands', 3),
(151, 'mmjameelm@gmail.com', '2018-03-21 12:11:03.000000', 'in', 'farmer_details', 111),
(152, 'nhattanayaka@gmail.com', '2018-03-21 12:11:10.000000', 'ud', 'farmer_details', 44),
(153, 'aichaminda417@gmail.com', '2018-03-21 12:11:17.000000', 'in', 'lands', 48),
(154, 'nskkawmudika@gmail.com', '2018-03-21 12:11:19.000000', 'in', 'lands', 49),
(155, 'malindapwijesuriya@gmail.com', '2018-03-21 12:14:28.000000', 'in', 'farmer_details', 112),
(156, 'manashathilini123@gmail.com', '2018-03-21 12:15:24.000000', 'in', 'farmer_details', 113),
(157, 'aicabtharanga@gmail.com', '2018-03-21 12:15:49.000000', 'ud', 'lands', 23),
(158, 'akanbym2@gmail.com', '2018-03-21 12:17:48.000000', 'in', 'farmer_details', 114),
(159, 'akanbym2@gmail.com', '2018-03-21 12:17:50.000000', 'in', 'farmer_details', 115),
(160, 'ghatsaman@gmail.com', '2018-03-21 12:18:14.000000', 'in', 'farmer_details', 116),
(161, 'nskkawmudika@gmail.com', '2018-03-21 12:18:52.000000', 'in', 'lands', 53),
(162, 'renuiriyagolla@gmail.com', '2018-03-21 12:21:38.000000', 'in', 'farmer_details', 117),
(163, 'isharaabeywardhana@gmail.com', '2018-03-21 12:21:59.000000', 'in', 'farmer_details', 118),
(164, 'nhattanayaka@gmail.com', '2018-03-21 12:22:34.000000', 'in', 'farmer_details', 119),
(165, 'bandarasamp123@gmail.com', '2018-03-21 12:31:30.000000', 'in', 'farmer_details', 120),
(166, 'nandasiri.aic@gmail.com', '2018-03-21 12:33:32.000000', 'in', 'lands', 57),
(167, 'athulanarayana72@gmail.com', '2018-03-21 12:36:09.000000', 'in', 'farmer_details', 121),
(168, 'darshikathusha03@gmail.com', '2018-03-21 12:36:39.000000', 'in', 'farmer_details', 122),
(169, 'l.liyinthan2@gmail.com', '2018-03-21 12:40:03.000000', 'ud', 'farmer_details', 106),
(170, 'ayeshmip@gmail.com', '2018-03-21 12:40:06.000000', 'in', 'farmer_details', 123),
(171, 'afras.afras@yahoo.co.uk', '2018-03-21 12:44:56.000000', 'in', 'farmer_details', 124),
(172, 'nilukaharischandra@gmail.com', '2018-03-21 12:47:12.000000', 'in', 'farmer_details', 125),
(173, 'kthiruvarutchelvan@gmail.com', '2018-03-21 12:48:26.000000', 'in', 'farmer_details', 126),
(174, 'bandulaishtaweera@gmail.com', '2018-03-21 12:48:32.000000', 'in', 'farmer_details', 127),
(175, 'isharaabeywardhana@gmail.com', '2018-03-21 12:50:07.000000', 'in', 'farmer_details', 128),
(176, 'kthiruvarutchelvan@gmail.com', '2018-03-21 12:50:30.000000', 'in', 'lands', 64),
(177, 'afras.afras@yahoo.co.uk', '2018-03-21 12:50:55.000000', 'ud', 'farmer_details', 124),
(178, 'mmjameelm@gmail.com', '2018-03-21 12:56:27.000000', 'in', 'farmer_details', 129),
(179, 'asankaidunil.ag@gmail.com', '2018-03-21 12:56:56.000000', 'in', 'farmer_details', 130),
(180, 'mmjameelm@gmail.com', '2018-03-21 12:57:32.000000', 'ud', 'farmer_details', 129),
(181, 'athulanarayana72@gmail.com', '2018-03-21 13:00:07.000000', 'in', 'farmer_details', 131),
(182, 'chathuradeshapriya92@gmail.com', '2018-03-21 13:03:30.000000', 'in', 'farmer_details', 132),
(183, 'ayeshmip@gmail.com', '2018-03-21 13:03:43.000000', 'in', 'farmer_details', 133),
(184, 'ayeshmip@gmail.com', '2018-03-21 13:07:02.000000', 'ud', 'farmer_details', 133),
(185, 'mithiladharmasena85@gmail.com', '2018-03-21 13:07:03.000000', 'in', 'farmer_details', 134),
(186, 'dimuthuaruna@gmail.com', '2018-03-21 13:07:13.000000', 'in', 'farmer_details', 135),
(187, 'ayeshmip@gmail.com', '2018-03-21 13:08:37.000000', 'ud', 'farmer_details', 123),
(188, 'aichaminda417@gmail.com', '2018-03-21 13:11:56.000000', 'in', 'farmer_details', 136),
(189, 'chathuradeshapriya92@gmail.com', '2018-03-21 13:13:48.000000', 'in', 'farmer_details', 137),
(190, 'ayeshmip@gmail.com', '2018-03-21 13:15:27.000000', 'in', 'farmer_details', 138),
(191, 'luckywijesekara76@gmail.com', '2018-03-21 13:17:37.000000', 'in', 'lands', 74),
(192, 'chinthakahs@gmail.com', '2018-03-21 13:19:48.000000', 'in', 'farmer_details', 139),
(193, 'aichaminda417@gmail.com', '2018-03-21 13:22:42.000000', 'in', 'lands', 76),
(194, 'Rchamara.ruwan@gmail.com', '2018-03-21 13:25:11.000000', 'in', 'farmer_details', 140),
(195, 'tmroomy10@gmail.com', '2018-03-21 13:27:07.000000', 'in', 'farmer_details', 141),
(196, 'afras.afras@yahoo.co.uk', '2018-03-21 13:29:37.000000', 'in', 'farmer_details', 142),
(197, 'ayeshmip@gmail.com', '2018-03-21 13:30:11.000000', 'in', 'farmer_details', 143),
(198, 'aichaminda417@gmail.com', '2018-03-21 14:21:31.000000', 'in', 'farmer_details', 144),
(199, 'Rchamara.ruwan@gmail.com', '2018-03-21 14:22:42.000000', 'in', 'farmer_details', 145),
(200, 'anushka.dissanayake@gmail.com', '2018-03-21 14:22:55.000000', 'in', 'farmer_details', 146),
(201, 'nskkawmudika@gmail.com', '2018-03-21 14:24:23.000000', 'in', 'farmer_details', 147),
(202, 'anushka.dissanayake@gmail.com', '2018-03-21 14:24:35.000000', 'ud', 'farmer_details', 146),
(203, 'chinthakahs@gmail.com', '2018-03-21 14:25:14.000000', 'in', 'farmer_details', 148),
(204, 'dimuthuaruna@gmail.com', '2018-03-21 14:25:21.000000', 'in', 'farmer_details', 149),
(205, 'renuiriyagolla@gmail.com', '2018-03-21 14:26:22.000000', 'in', 'farmer_details', 150),
(206, 'nskkawmudika@gmail.com', '2018-03-21 14:26:44.000000', 'in', 'lands', 80),
(207, 'mithiladharmasena85@gmail.com', '2018-03-21 14:28:44.000000', 'in', 'farmer_details', 151),
(208, 'asankaidunil.ag@gmail.com', '2018-03-21 14:28:45.000000', 'in', 'farmer_details', 152),
(209, 'afras.afras@yahoo.co.uk', '2018-03-21 14:29:18.000000', 'in', 'farmer_details', 153),
(210, 'aicabtharanga@gmail.com', '2018-03-21 14:29:26.000000', 'in', 'farmer_details', 154),
(211, 'bandulaishtaweera@gmail.com', '2018-03-21 14:30:47.000000', 'in', 'farmer_details', 155),
(212, 'Rchamara.ruwan@gmail.com', '2018-03-21 14:32:39.000000', 'in', 'farmer_details', 156),
(213, 'nadeekadilrukshi.doa@gmail.com', '2018-03-21 14:35:17.000000', 'in', 'farmer_details', 157),
(214, 'isharaabeywardhana@gmail.com', '2018-03-21 14:35:32.000000', 'in', 'farmer_details', 158),
(215, 'anushka.dissanayake@gmail.com', '2018-03-21 14:35:46.000000', 'in', 'lands', 88),
(216, 'nandasiri.aic@gmail.com', '2018-03-21 14:35:53.000000', 'in', 'lands', 89),
(217, 'bandarasamp123@gmail.com', '2018-03-21 14:37:02.000000', 'ud', 'farmer_details', 120),
(218, 'aicabtharanga@gmail.com', '2018-03-21 14:37:32.000000', 'in', 'lands', 90),
(219, 'luckywijesekara76@gmail.com', '2018-03-21 14:37:54.000000', 'in', 'farmer_details', 159),
(220, 'dimuthuaruna@gmail.com', '2018-03-21 14:40:23.000000', 'in', 'farmer_details', 160),
(221, 'asankaidunil.ag@gmail.com', '2018-03-21 14:40:44.000000', 'in', 'farmer_details', 161),
(222, 'nhattanayaka@gmail.com', '2018-03-21 14:41:24.000000', 'in', 'farmer_details', 163),
(223, 'thusara.rajapaksha1214@gmail.c', '2018-03-21 14:42:04.000000', 'in', 'farmer_details', 164),
(224, 'nskkawmudika@gmail.com', '2018-03-21 14:43:00.000000', 'in', 'farmer_details', 165),
(225, 'aichaminda417@gmail.com', '2018-03-21 14:43:25.000000', 'in', 'farmer_details', 166),
(226, 'nandasiri.aic@gmail.com', '2018-03-21 14:43:33.000000', 'in', 'lands', 96),
(227, 'kthiruvarutchelvan@gmail.com', '2018-03-21 14:43:40.000000', 'in', 'farmer_details', 167),
(228, 'mithiladharmasena85@gmail.com', '2018-03-21 14:44:51.000000', 'in', 'farmer_details', 168),
(229, 'nskkawmudika@gmail.com', '2018-03-21 14:45:18.000000', 'in', 'lands', 100),
(230, 'anushka.dissanayake@gmail.com', '2018-03-21 14:46:12.000000', 'in', 'farmer_details', 169),
(231, 'bandulaishtaweera@gmail.com', '2018-03-21 14:46:17.000000', 'in', 'farmer_details', 170),
(232, 'luckywijesekara76@gmail.com', '2018-03-21 14:46:38.000000', 'in', 'lands', 101),
(233, 'kthiruvarutchelvan@gmail.com', '2018-03-21 14:47:12.000000', 'in', 'lands', 103),
(234, 'chinthakaukc@gmail.com', '2018-03-21 14:47:30.000000', 'in', 'farmer_details', 171),
(235, 'darshikathusha03@gmail.com', '2018-03-21 14:47:32.000000', 'in', 'farmer_details', 172),
(236, 'chinthakahs@gmail.com', '2018-03-21 14:47:41.000000', 'in', 'farmer_details', 173),
(237, 'bandarasamp123@gmail.com', '2018-03-21 14:49:32.000000', 'ud', 'farmer_details', 120),
(238, 'nskkawmudika@gmail.com', '2018-03-21 14:49:46.000000', 'in', 'farmer_details', 174),
(239, 'nandasiri.aic@gmail.com', '2018-03-21 14:49:55.000000', 'in', 'lands', 106),
(240, 'anushka.dissanayake@gmail.com', '2018-03-21 14:50:33.000000', 'in', 'lands', 107),
(241, 'ghatsaman@gmail.com', '2018-03-21 14:50:55.000000', 'in', 'farmer_details', 175),
(242, 'lasanthas222@gmail.com', '2018-03-21 14:51:39.000000', 'in', 'farmer_details', 176),
(243, 'nskkawmudika@gmail.com', '2018-03-21 14:51:44.000000', 'in', 'lands', 110),
(244, 'chinthakaukc@gmail.com', '2018-03-21 14:52:20.000000', 'in', 'farmer_details', 177),
(245, 'aichaminda417@gmail.com', '2018-03-21 14:52:57.000000', 'in', 'lands', 114),
(246, 'dilukarrathnathilaka@gmail.com', '2018-03-21 14:53:08.000000', 'in', 'farmer_details', 178),
(247, '', '2018-03-21 14:54:35.000000', 'dl', 'farmer_details', 62),
(248, 'nandasiri.aic@gmail.com', '2018-03-21 14:54:51.000000', 'in', 'lands', 116),
(249, 'lasanthas222@gmail.com', '2018-03-21 14:55:01.000000', 'in', 'farmer_details', 179),
(250, 'anushka.dissanayake@gmail.com', '2018-03-21 14:56:17.000000', 'in', 'farmer_details', 180),
(251, 'nihalajith70@gmail.com', '2018-03-21 14:56:23.000000', 'in', 'farmer_details', 181),
(252, 'abdeenilham@gmail.com', '2018-03-21 14:56:27.000000', 'in', 'farmer_details', 182),
(253, 'dsnpdissa1979@gmail.com', '2018-03-21 14:57:29.000000', 'in', 'farmer_details', 183),
(254, 'nskkawmudika@gmail.com', '2018-03-21 14:57:35.000000', 'in', 'farmer_details', 184),
(255, 'chathuradeshapriya92@gmail.com', '2018-03-21 14:57:37.000000', 'in', 'farmer_details', 185),
(256, 'lasanthas222@gmail.com', '2018-03-21 14:57:58.000000', 'in', 'farmer_details', 186),
(257, 'anushka.dissanayake@gmail.com', '2018-03-21 14:58:52.000000', 'in', 'lands', 121),
(258, 'dimuthuaruna@gmail.com', '2018-03-21 14:59:36.000000', 'in', 'farmer_details', 187),
(259, 'anushka.dissanayake@gmail.com', '2018-03-21 14:59:53.000000', 'ud', 'lands', 107),
(260, 'bandulaishtaweera@gmail.com', '2018-03-21 14:59:57.000000', 'in', 'farmer_details', 188),
(261, 'sureshchaturanga500@gmail.com', '2018-03-21 15:00:10.000000', 'in', 'farmer_details', 189),
(262, 'mohamednafoor@gmail.com', '2018-03-21 15:00:58.000000', 'in', 'farmer_details', 191),
(263, 'mithiladharmasena85@gmail.com', '2018-03-21 15:01:00.000000', 'in', 'farmer_details', 190),
(264, 'ayeshmip@gmail.com', '2018-03-21 15:01:01.000000', 'in', 'farmer_details', 192),
(265, 'asankaidunil.ag@gmail.com', '2018-03-21 15:01:04.000000', 'in', 'farmer_details', 193),
(266, 'ppriyadarshana740@gmail.com', '2018-03-21 15:01:07.000000', 'in', 'farmer_details', 194),
(267, 'nskkawmudika@gmail.com', '2018-03-21 15:01:20.000000', 'ud', 'farmer_details', 184),
(268, 'isharaabeywardhana@gmail.com', '2018-03-21 15:02:12.000000', 'in', 'farmer_details', 195),
(269, 'nandasiri.aic@gmail.com', '2018-03-21 15:02:20.000000', 'in', 'lands', 125),
(270, 'lasanthas222@gmail.com', '2018-03-21 15:02:24.000000', 'in', 'farmer_details', 196),
(271, 'nadeekadilrukshi.doa@gmail.com', '2018-03-21 15:03:12.000000', 'in', 'farmer_details', 197),
(272, 'dsnpdissa1979@gmail.com', '2018-03-21 15:03:15.000000', 'in', 'farmer_details', 198),
(273, 'nskkawmudika@gmail.com', '2018-03-21 15:03:20.000000', 'in', 'lands', 127),
(274, 'Kumbeycabemb@gmail.com', '2018-03-21 15:03:43.000000', 'in', 'farmer_details', 199),
(275, 'athulanarayana72@gmail.com', '2018-03-21 15:04:29.000000', 'in', 'farmer_details', 200),
(276, 'nowsry@gmail.com', '2018-03-21 15:04:36.000000', 'in', 'farmer_details', 201),
(277, 'afras.afras@yahoo.co.uk', '2018-03-21 15:04:37.000000', 'in', 'farmer_details', 202),
(278, 'mohamednafoor@gmail.com', '2018-03-21 15:04:57.000000', 'in', 'farmer_details', 203),
(279, 'manashathilini123@gmail.com', '2018-03-21 15:05:45.000000', 'in', 'farmer_details', 204),
(280, 'lasanthas222@gmail.com', '2018-03-21 15:05:45.000000', 'in', 'farmer_details', 205),
(281, 'chinthakaukc@gmail.com', '2018-03-21 15:06:08.000000', 'in', 'farmer_details', 206),
(282, 'gayankalinga00@gmail.com', '2018-03-21 15:06:53.000000', 'in', 'farmer_details', 207),
(283, 'isharaabeywardhana@gmail.com', '2018-03-21 15:07:09.000000', 'in', 'farmer_details', 208),
(284, 'bandulaishtaweera@gmail.com', '2018-03-21 15:07:39.000000', 'in', 'farmer_details', 209),
(285, 'ulrsperera79@gmail.com', '2018-03-21 15:07:56.000000', 'in', 'farmer_details', 210),
(286, 'chathuradeshapriya92@gmail.com', '2018-03-21 15:08:05.000000', 'in', 'farmer_details', 211),
(287, 'dilukarrathnathilaka@gmail.com', '2018-03-21 15:08:39.000000', 'in', 'farmer_details', 212),
(288, 'lasanthas222@gmail.com', '2018-03-21 15:08:49.000000', 'in', 'farmer_details', 213),
(289, 'asankaidunil.ag@gmail.com', '2018-03-21 15:09:05.000000', 'in', 'farmer_details', 214),
(290, 'dsnpdissa1979@gmail.com', '2018-03-21 15:10:05.000000', 'in', 'farmer_details', 215),
(291, 'nskkawmudika@gmail.com', '2018-03-21 15:10:23.000000', 'in', 'farmer_details', 216),
(292, 'chinthakahs@gmail.com', '2018-03-21 15:10:53.000000', 'in', 'farmer_details', 217),
(293, 'sureshchaturanga500@gmail.com', '2018-03-21 15:10:57.000000', 'in', 'farmer_details', 218),
(294, 'Kumbeycabemb@gmail.com', '2018-03-21 15:11:05.000000', 'in', 'farmer_details', 219),
(295, 'nishaninilanthika@gmail.com', '2018-03-21 15:11:55.000000', 'in', 'farmer_details', 220),
(296, 'darshikathusha03@gmail.com', '2018-03-21 15:12:16.000000', 'in', 'farmer_details', 221),
(297, 'sanekanayaka87@gmail.com', '2018-03-21 15:12:40.000000', 'in', 'farmer_details', 0),
(298, 'isharaabeywardhana@gmail.com', '2018-03-21 15:14:00.000000', 'in', 'farmer_details', 222),
(299, 'chinthakaukc@gmail.com', '2018-03-21 15:14:19.000000', 'in', 'farmer_details', 223),
(300, 'lasanthas222@gmail.com', '2018-03-21 15:14:29.000000', 'in', 'farmer_details', 224),
(301, 'anushka.dissanayake@gmail.com', '2018-03-21 15:14:34.000000', 'in', 'farmer_details', 225),
(302, 'hmriyal1@gmail.com', '2018-03-21 15:14:37.000000', 'in', 'farmer_details', 226),
(303, 'asankaidunil.ag@gmail.com', '2018-03-21 15:15:24.000000', 'in', 'farmer_details', 227),
(304, 'bandarasamp123@gmail.com', '2018-03-21 15:15:40.000000', 'in', 'farmer_details', 228),
(305, 'nhattanayaka@gmail.com', '2018-03-21 15:15:47.000000', 'in', 'farmer_details', 229),
(306, 'thusara.rajapaksha1214@gmail.c', '2018-03-21 15:15:52.000000', 'in', 'farmer_details', 230),
(307, 'igunasekara@ymail.com', '2018-03-21 15:15:55.000000', 'in', 'farmer_details', 231),
(308, 'nskkawmudika@gmail.com', '2018-03-21 15:16:07.000000', 'in', 'lands', 148),
(309, 'dsnpdissa1979@gmail.com', '2018-03-21 15:16:25.000000', 'in', 'lands', 150),
(310, 'tmroomy10@gmail.com', '2018-03-21 15:16:35.000000', 'in', 'farmer_details', 233),
(311, 'jaatawuda1969@gmail.com', '2018-03-21 15:16:35.000000', 'in', 'farmer_details', 232),
(312, 'lasanthas222@gmail.com', '2018-03-21 15:16:37.000000', 'in', 'farmer_details', 234),
(313, 'mithiladharmasena85@gmail.com', '2018-03-21 15:16:50.000000', 'in', 'farmer_details', 235),
(314, 'ulrsperera79@gmail.com', '2018-03-21 15:17:58.000000', 'in', 'lands', 153),
(315, 'ppriyadarshana740@gmail.com', '2018-03-21 15:18:05.000000', 'in', 'farmer_details', 236),
(316, 'akanbym2@gmail.com', '2018-03-21 15:18:18.000000', 'in', 'farmer_details', 237),
(317, 'lasanthas222@gmail.com', '2018-03-21 15:18:44.000000', 'in', 'farmer_details', 238),
(318, 'chathuradeshapriya92@gmail.com', '2018-03-21 15:18:55.000000', 'in', 'farmer_details', 239),
(319, 'bandulaishtaweera@gmail.com', '2018-03-21 15:18:57.000000', 'in', 'farmer_details', 240),
(320, 'Rchamara.ruwan@gmail.com', '2018-03-21 15:19:26.000000', 'in', 'farmer_details', 241),
(321, 'anushka.dissanayake@gmail.com', '2018-03-21 15:19:32.000000', 'ud', 'farmer_details', 225),
(322, 'afras.afras@yahoo.co.uk', '2018-03-21 15:19:47.000000', 'in', 'farmer_details', 242),
(323, 'sanekanayaka87@gmail.com', '2018-03-21 15:19:54.000000', 'in', 'farmer_details', 0),
(324, 'athulab8@gmail.com', '2018-03-21 15:20:11.000000', 'in', 'farmer_details', 243),
(325, 'Kumbeycabemb@gmail.com', '2018-03-21 15:21:01.000000', 'in', 'farmer_details', 244),
(326, 'lasanthas222@gmail.com', '2018-03-21 15:21:07.000000', 'in', 'farmer_details', 245),
(327, 'akanbym2@gmail.com', '2018-03-21 15:21:31.000000', 'in', 'lands', 160),
(328, 'dsnpdissa1979@gmail.com', '2018-03-21 15:22:08.000000', 'in', 'lands', 161),
(329, 'chinthakahs@gmail.com', '2018-03-21 15:22:15.000000', 'in', 'farmer_details', 246),
(330, 'asankaidunil.ag@gmail.com', '2018-03-21 15:22:29.000000', 'in', 'farmer_details', 247),
(331, 'chinthakaukc@gmail.com', '2018-03-21 15:22:39.000000', 'in', 'farmer_details', 248),
(332, 'nadeekadilrukshi.doa@gmail.com', '2018-03-21 15:22:57.000000', 'in', 'farmer_details', 249),
(333, 'nskkawmudika@gmail.com', '2018-03-21 15:22:59.000000', 'in', 'farmer_details', 250),
(334, 'anushka.dissanayake@gmail.com', '2018-03-21 15:22:59.000000', 'in', 'lands', 162),
(335, 'isharaabeywardhana@gmail.com', '2018-03-21 15:23:24.000000', 'in', 'farmer_details', 251),
(336, 'lasanthas222@gmail.com', '2018-03-21 15:23:25.000000', 'in', 'farmer_details', 252),
(337, 'igunasekara@ymail.com', '2018-03-21 15:23:35.000000', 'in', 'farmer_details', 253),
(338, 'luckywijesekara76@gmail.com', '2018-03-21 15:24:09.000000', 'in', 'farmer_details', 254),
(339, 'chathuradeshapriya92@gmail.com', '2018-03-21 15:24:39.000000', 'in', 'farmer_details', 255),
(340, 'nskkawmudika@gmail.com', '2018-03-21 15:26:33.000000', 'in', 'lands', 170),
(341, 'akanbym2@gmail.com', '2018-03-21 15:26:49.000000', 'in', 'farmer_details', 256),
(342, 'lasanthas222@gmail.com', '2018-03-21 15:27:14.000000', 'in', 'farmer_details', 257),
(343, 'luckywijesekara76@gmail.com', '2018-03-21 15:27:41.000000', 'in', 'lands', 173),
(344, 'sureshchaturanga500@gmail.com', '2018-03-21 15:27:54.000000', 'in', 'farmer_details', 258),
(345, 'chinthakaukc@gmail.com', '2018-03-21 15:28:15.000000', 'in', 'farmer_details', 259),
(346, 'jaatawuda1969@gmail.com', '2018-03-21 15:28:17.000000', 'in', 'farmer_details', 260),
(347, 'l.liyinthan2@gmail.com', '2018-03-21 15:28:26.000000', 'ud', 'farmer_details', 106),
(348, 'igunasekara@ymail.com', '2018-03-21 15:28:40.000000', 'in', 'farmer_details', 261),
(349, 'Kumbeycabemb@gmail.com', '2018-03-21 15:29:14.000000', 'in', 'farmer_details', 262),
(350, 'chamariguruge2013@gmail.com', '2018-03-21 15:29:14.000000', 'in', 'farmer_details', 263),
(351, 'chinthakahs@gmail.com', '2018-03-21 15:29:27.000000', 'in', 'farmer_details', 264),
(352, 'dimuthuaruna@gmail.com', '2018-03-21 15:30:00.000000', 'in', 'farmer_details', 265),
(353, 'asankaidunil.ag@gmail.com', '2018-03-21 15:30:02.000000', 'in', 'farmer_details', 267),
(354, 'lasanthas222@gmail.com', '2018-03-21 15:30:02.000000', 'in', 'farmer_details', 266),
(355, 'hmriyal1@gmail.com', '2018-03-21 15:30:07.000000', 'in', 'lands', 174),
(356, 'athulab8@gmail.com', '2018-03-21 15:30:57.000000', 'in', 'lands', 175),
(357, 'aichaminda417@gmail.com', '2018-03-21 15:31:01.000000', 'in', 'farmer_details', 268),
(358, 'dsnpdissa1979@gmail.com', '2018-03-21 15:31:10.000000', 'in', 'lands', 176),
(359, 'mohamednafoor@gmail.com', '2018-03-21 15:31:40.000000', 'ud', 'farmer_details', 191),
(360, 'nandasiri.aic@gmail.com', '2018-03-21 15:31:48.000000', 'in', 'lands', 179),
(361, 'gayankalinga00@gmail.com', '2018-03-21 15:32:03.000000', 'in', 'farmer_details', 269),
(362, 'chamariguruge2013@gmail.com', '2018-03-21 15:32:11.000000', 'in', 'farmer_details', 270),
(363, 'tmroomy10@gmail.com', '2018-03-21 15:32:37.000000', 'in', 'lands', 181),
(364, 'lasanthas222@gmail.com', '2018-03-21 15:32:57.000000', 'in', 'farmer_details', 271),
(365, 'chinthakaukc@gmail.com', '2018-03-21 15:33:49.000000', 'in', 'farmer_details', 272),
(366, 'Kumbeycabemb@gmail.com', '2018-03-21 15:33:52.000000', 'in', 'farmer_details', 273),
(367, 'aichaminda417@gmail.com', '2018-03-21 15:34:12.000000', 'in', 'lands', 183),
(368, 'isharaabeywardhana@gmail.com', '2018-03-21 15:34:15.000000', 'in', 'farmer_details', 274),
(369, 'luckywijesekara76@gmail.com', '2018-03-21 15:34:22.000000', 'in', 'farmer_details', 275),
(370, 'abdeenilham@gmail.com', '2018-03-21 15:35:19.000000', 'in', 'farmer_details', 276),
(371, 'sureshchaturanga500@gmail.com', '2018-03-21 15:35:23.000000', 'in', 'farmer_details', 277),
(372, 'lasanthas222@gmail.com', '2018-03-21 15:35:24.000000', 'in', 'farmer_details', 278),
(373, 'kamil8866@yahoo.com', '2018-03-21 15:36:08.000000', 'in', 'farmer_details', 279),
(374, 'nandasiri.aic@gmail.com', '2018-03-21 15:36:10.000000', 'in', 'farmer_details', 280),
(375, 'chathuradeshapriya92@gmail.com', '2018-03-21 15:36:14.000000', 'in', 'farmer_details', 281),
(376, 'kamil8866@yahoo.com', '2018-03-21 15:36:48.000000', 'ud', 'farmer_details', 279),
(377, 'thusara.rajapaksha1214@gmail.c', '2018-03-21 15:36:50.000000', 'in', 'farmer_details', 282),
(378, 'thusara.rajapaksha1214@gmail.c', '2018-03-21 15:36:51.000000', 'in', 'farmer_details', 283),
(379, 'luckywijesekara76@gmail.com', '2018-03-21 15:37:12.000000', 'in', 'lands', 189),
(380, 'Kumbeycabemb@gmail.com', '2018-03-21 15:37:56.000000', 'in', 'farmer_details', 284),
(381, 'ghatsaman@gmail.com', '2018-03-21 15:38:16.000000', 'in', 'farmer_details', 285),
(382, 'kthiruvarutchelvan@gmail.com', '2018-03-21 15:39:15.000000', 'in', 'farmer_details', 286),
(383, 'sanekanayaka87@gmail.com', '2018-03-21 15:39:32.000000', 'in', 'farmer_details', 287),
(384, 'mithiladharmasena85@gmail.com', '2018-03-21 15:39:39.000000', 'in', 'farmer_details', 288),
(385, 'igunasekara@ymail.com', '2018-03-21 15:39:49.000000', 'in', 'farmer_details', 289),
(386, 'nandasiri.aic@gmail.com', '2018-03-21 15:39:49.000000', 'in', 'lands', 194),
(387, 'afras.afras@yahoo.co.uk', '2018-03-21 15:40:47.000000', 'in', 'farmer_details', 290),
(388, 'kthiruvarutchelvan@gmail.com', '2018-03-21 15:41:10.000000', 'in', 'lands', 197),
(389, 'ppriyadarshana740@gmail.com', '2018-03-21 15:41:17.000000', 'in', 'farmer_details', 291),
(390, 'mmjameelm@gmail.com', '2018-03-21 15:41:35.000000', 'in', 'farmer_details', 292),
(391, 'chinthakaukc@gmail.com', '2018-03-21 15:41:35.000000', 'in', 'farmer_details', 293),
(392, 'isharaabeywardhana@gmail.com', '2018-03-21 15:42:01.000000', 'in', 'farmer_details', 294),
(393, 'nishaninilanthika@gmail.com', '2018-03-21 15:42:11.000000', 'in', 'farmer_details', 295),
(394, 'luckywijesekara76@gmail.com', '2018-03-21 15:43:12.000000', 'in', 'farmer_details', 296),
(395, 'nihalajith70@gmail.com', '2018-03-21 15:43:29.000000', 'in', 'farmer_details', 297),
(396, 'asankaidunil.ag@gmail.com', '2018-03-21 15:44:04.000000', 'in', 'farmer_details', 298),
(397, 'bandulaishtaweera@gmail.com', '2018-03-21 15:44:28.000000', 'in', 'farmer_details', 299),
(398, 'dhammiperere71@gmail.com', '2018-03-21 15:44:29.000000', 'in', 'farmer_details', 300),
(399, 'sanekanayaka87@gmail.com', '2018-03-21 15:44:32.000000', 'in', 'lands', 203),
(400, 'bandarasamp123@gmail.com', '2018-03-21 15:45:30.000000', 'in', 'farmer_details', 302),
(401, 'dsnpdissa1979@gmail.com', '2018-03-21 15:45:58.000000', 'in', 'farmer_details', 303),
(402, 'afras.afras@yahoo.co.uk', '2018-03-21 15:46:19.000000', 'in', 'farmer_details', 304),
(403, 'aichaminda417@gmail.com', '2018-03-21 15:46:28.000000', 'in', 'farmer_details', 305),
(404, 'Kumbeycabemb@gmail.com', '2018-03-21 15:46:34.000000', 'in', 'farmer_details', 306),
(405, 'nandasiri.aic@gmail.com', '2018-03-21 15:46:52.000000', 'in', 'farmer_details', 307),
(406, 'akanbym2@gmail.com', '2018-03-21 15:46:57.000000', 'in', 'lands', 210),
(407, 'isharaabeywardhana@gmail.com', '2018-03-21 15:48:04.000000', 'in', 'farmer_details', 308),
(408, 'igunasekara@ymail.com', '2018-03-21 15:48:11.000000', 'in', 'farmer_details', 309),
(409, 'dimuthuaruna@gmail.com', '2018-03-21 15:48:43.000000', 'in', 'farmer_details', 310),
(410, 'sanekanayaka87@gmail.com', '2018-03-21 15:49:14.000000', 'in', 'farmer_details', 311),
(411, 'afras.afras@yahoo.co.uk', '2018-03-21 15:49:30.000000', 'in', 'farmer_details', 312),
(412, 'mithiladharmasena85@gmail.com', '2018-03-21 15:50:03.000000', 'in', 'farmer_details', 313),
(413, 'dsnpdissa1979@gmail.com', '2018-03-21 15:50:04.000000', 'in', 'lands', 217),
(414, 'aichaminda417@gmail.com', '2018-03-21 15:50:10.000000', 'in', 'lands', 219),
(415, 'akanbym2@gmail.com', '2018-03-21 15:50:14.000000', 'in', 'farmer_details', 314),
(416, 'Kumbeycabemb@gmail.com', '2018-03-21 15:50:15.000000', 'in', 'farmer_details', 315),
(417, 'Rchamara.ruwan@gmail.com', '2018-03-21 15:50:38.000000', 'in', 'farmer_details', 316),
(418, 'nandasiri.aic@gmail.com', '2018-03-21 15:50:42.000000', 'in', 'lands', 221),
(419, 'igunasekara@ymail.com', '2018-03-21 15:52:07.000000', 'in', 'farmer_details', 317),
(420, 'sureshchaturanga500@gmail.com', '2018-03-21 15:52:14.000000', 'in', 'farmer_details', 318),
(421, 'darshikathusha03@gmail.com', '2018-03-21 15:52:19.000000', 'in', 'farmer_details', 319),
(422, 'afras.afras@yahoo.co.uk', '2018-03-21 15:58:23.000000', 'in', 'farmer_details', 320),
(423, 'afras.afras@yahoo.co.uk', '2018-03-21 16:01:29.000000', 'in', 'farmer_details', 321),
(424, 'chathuradeshapriya92@gmail.com', '2018-03-21 16:05:48.000000', 'in', 'farmer_details', 322),
(425, 'afras.afras@yahoo.co.uk', '2018-03-21 16:07:05.000000', 'in', 'farmer_details', 323),
(426, 'chinthakaukc@gmail.com', '2018-03-21 16:07:33.000000', 'in', 'farmer_details', 324),
(427, 'athulab8@gmail.com', '2018-03-21 16:07:53.000000', 'in', 'farmer_details', 325),
(428, 'akanbym2@gmail.com', '2018-03-21 16:08:10.000000', 'in', 'lands', 227),
(429, 'Kumbeycabemb@gmail.com', '2018-03-21 16:08:17.000000', 'in', 'farmer_details', 326),
(430, 'nihalajith70@gmail.com', '2018-03-21 16:08:29.000000', 'in', 'farmer_details', 327),
(431, 'asankaidunil.ag@gmail.com', '2018-03-21 16:08:53.000000', 'in', 'farmer_details', 328),
(432, 'dsnpdissa1979@gmail.com', '2018-03-21 16:09:09.000000', 'in', 'farmer_details', 329),
(433, 'chinthakahs@gmail.com', '2018-03-21 16:10:09.000000', 'in', 'farmer_details', 330),
(434, 'nandasiri.aic@gmail.com', '2018-03-21 16:10:11.000000', 'in', 'farmer_details', 331),
(435, 'anushka.dissanayake@gmail.com', '2018-03-21 16:10:18.000000', 'in', 'farmer_details', 332),
(436, 'Rchamara.ruwan@gmail.com', '2018-03-21 16:11:01.000000', 'in', 'farmer_details', 333),
(437, 'afras.afras@yahoo.co.uk', '2018-03-21 16:11:13.000000', 'in', 'farmer_details', 334),
(438, 'ppriyadarshana740@gmail.com', '2018-03-21 16:12:06.000000', 'in', 'farmer_details', 335),
(439, 'igunasekara@ymail.com', '2018-03-21 16:12:07.000000', 'in', 'farmer_details', 336),
(440, 'nadeekadilrukshi.doa@gmail.com', '2018-03-21 16:12:15.000000', 'in', 'farmer_details', 337),
(441, 'thusara.rajapaksha1214@gmail.c', '2018-03-21 16:12:28.000000', 'in', 'farmer_details', 338),
(442, 'anushka.dissanayake@gmail.com', '2018-03-21 16:13:06.000000', 'in', 'lands', 234),
(443, 'nandasiri.aic@gmail.com', '2018-03-21 16:13:17.000000', 'in', 'lands', 236),
(444, 'bandulaishtaweera@gmail.com', '2018-03-21 16:13:31.000000', 'in', 'farmer_details', 339),
(445, 'afras.afras@yahoo.co.uk', '2018-03-21 16:14:07.000000', 'in', 'farmer_details', 340),
(446, 'dsnpdissa1979@gmail.com', '2018-03-21 16:14:24.000000', 'in', 'lands', 243),
(447, 'chinthakaukc@gmail.com', '2018-03-21 16:14:44.000000', 'in', 'farmer_details', 341),
(448, 'sureshchaturanga500@gmail.com', '2018-03-21 16:14:57.000000', 'in', 'farmer_details', 342),
(449, 'dsnpdissa1979@gmail.com', '2018-03-21 16:18:42.000000', 'in', 'farmer_details', 343),
(450, 'chinthakahs@gmail.com', '2018-03-22 06:40:31.000000', 'in', 'farmer_details', 344),
(451, 'chinthakahs@gmail.com', '2018-03-22 06:45:24.000000', 'in', 'farmer_details', 345),
(452, 'chinthakahs@gmail.com', '2018-03-22 06:49:57.000000', 'in', 'farmer_details', 346),
(453, 'chinthakahs@gmail.com', '2018-03-22 06:53:41.000000', 'in', 'farmer_details', 347),
(454, 'chinthakahs@gmail.com', '2018-03-22 06:57:52.000000', 'in', 'farmer_details', 348),
(455, 'tmroomy10@gmail.com', '2018-03-22 07:11:21.000000', 'in', 'farmer_details', 349),
(456, 'tmroomy10@gmail.com', '2018-03-22 07:14:23.000000', 'in', 'lands', 252),
(457, 'tmroomy10@gmail.com', '2018-03-22 07:18:04.000000', 'in', 'farmer_details', 350),
(458, 'tmroomy10@gmail.com', '2018-03-22 07:21:02.000000', 'in', 'lands', 255),
(459, 'tmroomy10@gmail.com', '2018-03-22 07:25:01.000000', 'in', 'farmer_details', 351),
(460, 'tmroomy10@gmail.com', '2018-03-22 07:27:55.000000', 'in', 'lands', 256),
(461, 'tmroomy10@gmail.com', '2018-03-22 07:32:02.000000', 'in', 'farmer_details', 352),
(462, 'tmroomy10@gmail.com', '2018-03-22 07:34:47.000000', 'in', 'lands', 257),
(463, 'tmroomy10@gmail.com', '2018-03-22 07:46:09.000000', 'in', 'lands', 258),
(464, 'tmroomy10@gmail.com', '2018-03-22 07:48:29.000000', 'in', 'farmer_details', 353),
(465, 'tmroomy10@gmail.com', '2018-03-22 07:50:55.000000', 'in', 'lands', 259),
(466, 'dimuthuaruna@gmail.com', '2018-03-22 08:32:15.000000', 'in', 'farmer_details', 354),
(467, 'dimuthuaruna@gmail.com', '2018-03-22 08:51:07.000000', 'in', 'farmer_details', 355),
(468, 'vthampa2016@gmail.com', '2018-03-22 11:04:16.000000', 'in', 'farmer_details', 356),
(469, 'vthampa2016@gmail.com', '2018-03-22 11:12:00.000000', 'in', 'farmer_details', 357),
(470, 'vthampa2016@gmail.com', '2018-03-22 11:18:25.000000', 'in', 'farmer_details', 358),
(471, 'vthampa2016@gmail.com', '2018-03-22 11:26:36.000000', 'in', 'farmer_details', 359),
(472, 'bandulaishtaweera@gmail.com', '2018-03-22 11:29:16.000000', 'in', 'farmer_details', 360),
(473, 'vthampa2016@gmail.com', '2018-03-22 11:31:35.000000', 'in', 'farmer_details', 361),
(474, 'vthampa2016@gmail.com', '2018-03-22 11:39:46.000000', 'in', 'farmer_details', 362),
(475, 'dilukarrathnathilaka@gmail.com', '2018-03-22 21:01:37.000000', 'in', 'farmer_details', 363),
(476, 'dilukarrathnathilaka@gmail.com', '2018-03-22 21:11:16.000000', 'in', 'farmer_details', 364),
(477, 'dilukarrathnathilaka@gmail.com', '2018-03-22 21:21:34.000000', 'in', 'farmer_details', 365),
(478, 'athulab8@gmail.com', '2018-03-23 13:47:40.000000', 'in', 'farmer_details', 366),
(479, 'athulab8@gmail.com', '2018-03-23 13:50:49.000000', 'in', 'lands', 267),
(480, 'chathuradeshapriya92@gmail.com', '2018-03-24 18:57:45.000000', 'in', 'farmer_details', 367),
(481, 'chathuradeshapriya92@gmail.com', '2018-03-24 21:26:39.000000', 'in', 'farmer_details', 368),
(482, 'chathuradeshapriya92@gmail.com', '2018-03-24 21:34:06.000000', 'in', 'farmer_details', 369),
(483, 'chathuradeshapriya92@gmail.com', '2018-03-24 21:46:14.000000', 'in', 'farmer_details', 370),
(484, 'chathuradeshapriya92@gmail.com', '2018-03-24 21:58:30.000000', 'in', 'farmer_details', 371),
(485, 'chathuradeshapriya92@gmail.com', '2018-03-24 22:06:21.000000', 'in', 'farmer_details', 372),
(486, 'chathuradeshapriya92@gmail.com', '2018-03-24 22:14:50.000000', 'in', 'farmer_details', 373),
(487, 'chathuradeshapriya92@gmail.com', '2018-03-24 22:26:13.000000', 'in', 'farmer_details', 374),
(488, 'chathuradeshapriya92@gmail.com', '2018-03-24 22:33:47.000000', 'in', 'farmer_details', 375),
(489, 'chathuradeshapriya92@gmail.com', '2018-03-24 22:40:40.000000', 'in', 'farmer_details', 376),
(490, 'chathuradeshapriya92@gmail.com', '2018-03-24 22:48:28.000000', 'in', 'farmer_details', 377),
(491, 'chathuradeshapriya92@gmail.com', '2018-03-24 22:58:30.000000', 'in', 'farmer_details', 378),
(492, 'chathuradeshapriya92@gmail.com', '2018-03-24 23:08:37.000000', 'in', 'farmer_details', 379),
(493, 'chathuradeshapriya92@gmail.com', '2018-03-24 23:17:52.000000', 'in', 'farmer_details', 380),
(494, 'chathuradeshapriya92@gmail.com', '2018-03-25 08:02:21.000000', 'in', 'farmer_details', 381),
(495, 'chathuradeshapriya92@gmail.com', '2018-03-25 08:08:46.000000', 'in', 'farmer_details', 382),
(496, 'chathuradeshapriya92@gmail.com', '2018-03-25 08:16:11.000000', 'in', 'farmer_details', 383),
(497, 'chathuradeshapriya92@gmail.com', '2018-03-25 08:32:59.000000', 'in', 'farmer_details', 384),
(498, 'chathuradeshapriya92@gmail.com', '2018-03-25 08:43:00.000000', 'in', 'farmer_details', 385),
(499, 'chathuradeshapriya92@gmail.com', '2018-03-25 08:52:50.000000', 'in', 'farmer_details', 386),
(500, 'chathuradeshapriya92@gmail.com', '2018-03-25 09:00:04.000000', 'in', 'farmer_details', 387),
(501, 'chathuradeshapriya92@gmail.com', '2018-03-25 09:22:50.000000', 'in', 'farmer_details', 388),
(502, 'chathuradeshapriya92@gmail.com', '2018-03-25 09:29:03.000000', 'in', 'farmer_details', 389),
(503, 'chathuradeshapriya92@gmail.com', '2018-03-25 09:36:38.000000', 'in', 'farmer_details', 390),
(504, 'chathuradeshapriya92@gmail.com', '2018-03-25 09:45:41.000000', 'in', 'farmer_details', 391),
(505, 'chathuradeshapriya92@gmail.com', '2018-03-25 09:54:42.000000', 'in', 'farmer_details', 392),
(506, 'chathuradeshapriya92@gmail.com', '2018-03-25 09:55:37.000000', 'ud', 'farmer_details', 392),
(507, 'chathuradeshapriya92@gmail.com', '2018-03-25 10:00:42.000000', 'in', 'farmer_details', 393),
(508, 'chathuradeshapriya92@gmail.com', '2018-03-25 10:15:09.000000', 'in', 'farmer_details', 394),
(509, 'chathuradeshapriya92@gmail.com', '2018-03-25 10:18:48.000000', 'ud', 'farmer_details', 394),
(510, 'chathuradeshapriya92@gmail.com', '2018-03-25 10:25:37.000000', 'in', 'farmer_details', 395),
(511, 'chathuradeshapriya92@gmail.com', '2018-03-25 10:34:23.000000', 'in', 'farmer_details', 396),
(512, 'chathuradeshapriya92@gmail.com', '2018-03-25 10:35:37.000000', 'ud', 'farmer_details', 396),
(513, 'chathuradeshapriya92@gmail.com', '2018-03-25 10:42:09.000000', 'in', 'farmer_details', 397),
(514, 'chathuradeshapriya92@gmail.com', '2018-03-25 10:51:25.000000', 'in', 'farmer_details', 398),
(515, 'chathuradeshapriya92@gmail.com', '2018-03-25 10:58:54.000000', 'in', 'farmer_details', 399),
(516, 'chathuradeshapriya92@gmail.com', '2018-03-25 11:04:38.000000', 'in', 'farmer_details', 400),
(517, 'chathuradeshapriya92@gmail.com', '2018-03-25 11:12:35.000000', 'in', 'farmer_details', 401),
(518, 'chathuradeshapriya92@gmail.com', '2018-03-25 11:21:05.000000', 'in', 'farmer_details', 402),
(519, 'nihalajith70@gmail.com', '2018-03-25 13:16:39.000000', 'in', 'farmer_details', 403),
(520, 'nihalajith70@gmail.com', '2018-03-25 14:46:39.000000', 'in', 'farmer_details', 404),
(521, 'nihalajith70@gmail.com', '2018-03-25 17:35:38.000000', 'in', 'farmer_details', 405),
(522, 'nihalajith70@gmail.com', '2018-03-25 17:38:42.000000', 'in', 'farmer_details', 406),
(523, 'nihalajith70@gmail.com', '2018-03-25 17:41:28.000000', 'in', 'farmer_details', 407),
(524, 'nihalajith70@gmail.com', '2018-03-25 17:43:47.000000', 'in', 'farmer_details', 408),
(525, 'nihalajith70@gmail.com', '2018-03-25 20:58:37.000000', 'in', 'farmer_details', 409),
(526, 'nihalajith70@gmail.com', '2018-03-25 21:05:31.000000', 'in', 'farmer_details', 410),
(527, 'nihalajith70@gmail.com', '2018-03-25 21:07:48.000000', 'in', 'farmer_details', 411),
(528, 'nihalajith70@gmail.com', '2018-03-25 21:10:11.000000', 'in', 'farmer_details', 412),
(529, 'nihalajith70@gmail.com', '2018-03-25 21:12:38.000000', 'in', 'farmer_details', 413),
(530, 'nihalajith70@gmail.com', '2018-03-25 21:15:37.000000', 'in', 'farmer_details', 414),
(531, 'nihalajith70@gmail.com', '2018-03-25 21:17:45.000000', 'in', 'farmer_details', 415),
(532, 'nihalajith70@gmail.com', '2018-03-25 21:21:20.000000', 'in', 'farmer_details', 416),
(533, 'aichaminda417@gmail.com', '2018-03-27 06:10:10.000000', 'in', 'farmer_details', 417),
(534, 'aichaminda417@gmail.com', '2018-03-27 06:15:10.000000', 'in', 'lands', 303),
(535, 'aichaminda417@gmail.com', '2018-03-27 06:34:16.000000', 'in', 'farmer_details', 418),
(536, 'aichaminda417@gmail.com', '2018-03-27 06:38:11.000000', 'in', 'lands', 304),
(537, 'aichaminda417@gmail.com', '2018-03-27 06:46:59.000000', 'in', 'farmer_details', 419),
(538, 'aichaminda417@gmail.com', '2018-03-27 06:49:36.000000', 'dl', 'farmer_details', 419),
(539, 'aichaminda417@gmail.com', '2018-03-27 07:17:36.000000', 'in', 'farmer_details', 420),
(540, 'aichaminda417@gmail.com', '2018-03-27 07:23:51.000000', 'in', 'lands', 305),
(541, 'aichaminda417@gmail.com', '2018-03-27 07:30:17.000000', 'in', 'farmer_details', 421),
(542, 'aichaminda417@gmail.com', '2018-03-27 07:34:15.000000', 'in', 'lands', 306),
(543, 'aichaminda417@gmail.com', '2018-03-27 07:38:40.000000', 'in', 'farmer_details', 422),
(544, 'aichaminda417@gmail.com', '2018-03-27 07:41:02.000000', 'in', 'lands', 307),
(545, 'aichaminda417@gmail.com', '2018-03-27 07:44:12.000000', 'in', 'farmer_details', 423),
(546, 'aichaminda417@gmail.com', '2018-03-27 07:46:51.000000', 'in', 'lands', 308),
(547, 'aichaminda417@gmail.com', '2018-03-27 07:55:41.000000', 'dl', 'lands', 1),
(548, 'aichaminda417@gmail.com', '2018-03-27 07:58:53.000000', 'in', 'lands', 309),
(549, 'chinthakahs@gmail.com', '2018-03-27 09:42:57.000000', 'in', 'farmer_details', 424),
(550, 'chinthakahs@gmail.com', '2018-03-27 09:47:43.000000', 'ud', 'farmer_details', 38),
(551, 'chinthakahs@gmail.com', '2018-03-27 10:56:34.000000', 'in', 'farmer_details', 425),
(552, 'chinthakahs@gmail.com', '2018-03-27 11:47:50.000000', 'in', 'farmer_details', 426),
(553, 'bandulaishtaweera@gmail.com', '2018-03-27 15:00:50.000000', 'in', 'farmer_details', 427);
INSERT INTO `activity_log` (`id`, `email`, `date_time`, `action`, `table_name`, `rec_no`) VALUES
(554, 'thusara.rajapaksha1214@gmail.c', '2018-03-27 15:42:54.000000', 'in', 'farmer_details', 428),
(555, 'thusara.rajapaksha1214@gmail.c', '2018-03-27 15:53:38.000000', 'in', 'farmer_details', 429),
(556, 'tmroomy10@gmail.com', '2018-03-28 10:38:25.000000', 'in', 'farmer_details', 430),
(557, 'tmroomy10@gmail.com', '2018-03-28 10:46:25.000000', 'in', 'lands', 313),
(558, 'afras.afras@yahoo.co.uk', '2018-03-28 10:52:45.000000', 'in', 'farmer_details', 431),
(559, 'bandulaishtaweera@gmail.com', '2018-03-28 11:39:26.000000', 'in', 'farmer_details', 432),
(560, 'sureshchaturanga500@gmail.com', '2018-03-28 11:44:29.000000', 'in', 'farmer_details', 433),
(561, 'sureshchaturanga500@gmail.com', '2018-03-28 11:59:03.000000', 'in', 'farmer_details', 434),
(562, 'sureshchaturanga500@gmail.com', '2018-03-28 12:09:11.000000', 'in', 'farmer_details', 435),
(563, 'tmroomy10@gmail.com', '2018-03-28 12:12:33.000000', 'in', 'farmer_details', 436),
(564, 'tmroomy10@gmail.com', '2018-03-28 12:16:04.000000', 'in', 'lands', 319),
(565, 'tmroomy10@gmail.com', '2018-03-28 12:19:26.000000', 'in', 'farmer_details', 437),
(566, 'tmroomy10@gmail.com', '2018-03-28 12:26:22.000000', 'in', 'lands', 320),
(567, 'bandulaishtaweera@gmail.com', '2018-03-28 12:28:57.000000', 'in', 'farmer_details', 438),
(568, 'tmroomy10@gmail.com', '2018-03-28 12:48:22.000000', 'in', 'farmer_details', 439),
(569, 'tmroomy10@gmail.com', '2018-03-28 12:52:27.000000', 'in', 'lands', 322),
(570, 'nowsry@gmail.com', '2018-03-28 13:01:32.000000', 'in', 'farmer_details', 440),
(571, 'nandasiri.aic@gmail.com', '2018-03-28 15:37:36.000000', 'in', 'farmer_details', 441),
(572, 'nandasiri.aic@gmail.com', '2018-03-28 15:55:07.000000', 'in', 'lands', 324),
(573, 'nandasiri.aic@gmail.com', '2018-03-28 16:01:24.000000', 'in', 'farmer_details', 442),
(574, 'gayankalinga00@gmail.com', '2018-03-28 20:07:42.000000', 'in', 'farmer_details', 443),
(575, 'nadeekadilrukshi.doa@gmail.com', '2018-03-28 20:36:09.000000', 'in', 'farmer_details', 444),
(576, 'nadeekadilrukshi.doa@gmail.com', '2018-03-28 20:56:49.000000', 'in', 'farmer_details', 445),
(577, 'ais@mail.com', '2018-03-29 09:41:48.000000', 'ud', 'farmer_details', 423),
(578, 'ais@mail.com', '2018-03-29 09:42:15.000000', 'ud', 'farmer_details', 422),
(579, '', '2018-03-29 09:42:31.000000', 'dl', 'farmer_details', 421),
(580, 'ais@mail.com', '2018-03-29 09:46:25.000000', 'dl', 'farmer_details', 420),
(581, 'kandy@kandy.com', '2018-03-29 09:56:03.000000', 'in', 'farmer_details', 446),
(582, 'ais@mail.com', '2018-03-29 10:57:06.000000', 'in', 'farmer_details', 447),
(583, 'ais@mail.com', '2018-03-29 10:57:47.000000', 'in', 'farmer_details', 448),
(584, 'ais@mail.com', '2018-03-29 10:58:08.000000', 'ud', 'farmer_details', 448),
(585, 'asd@asdf.com', '2019-12-03 07:50:13.000000', 'in', 'farmer_details', 449),
(586, 'usaranga56@gmail.com', '2019-12-25 03:47:58.000000', 'in', 'farmer_details', 450),
(587, 'usaranga56@gmail.com', '2019-12-25 03:48:10.000000', 'in', 'farmer_details', 451);

-- --------------------------------------------------------

--
-- Table structure for table `tbl_apply_training`
--

CREATE TABLE `tbl_apply_training` (
  `app_id` int(11) NOT NULL,
  `emp_id` bigint(20) NOT NULL,
  `train_id` int(11) NOT NULL,
  `district_id` int(11) NOT NULL,
  `apply_date` date NOT NULL,
  `hostel_req` tinyint(1) NOT NULL,
  `emp_approve` tinyint(1) NOT NULL DEFAULT 1,
  `emp_participate` tinyint(1) DEFAULT 0
) ENGINE=InnoDB DEFAULT CHARSET=utf32 COLLATE=utf32_sinhala_ci;

--
-- Dumping data for table `tbl_apply_training`
--

INSERT INTO `tbl_apply_training` (`app_id`, `emp_id`, `train_id`, `district_id`, `apply_date`, `hostel_req`, `emp_approve`, `emp_participate`) VALUES
(1, 2344356657, 1, 5, '2020-01-07', 0, 1, 0),
(4, 12346790777, 1, 11, '2020-01-05', 1, 1, 0),
(5, 2344356657, 2, 12, '2020-01-04', 1, 1, 0),
(6, 12346790777, 2, 3, '2020-01-08', 0, 1, 0),
(7, 0, 0, 0, '0000-00-00', 0, 1, 0),
(8, 0, 0, 0, '0000-00-00', 0, 1, 0),
(9, 12346790777, 3, 1, '2020-01-22', 1, 1, 0),
(10, 198781025680, 1, 16, '2020-01-31', 0, 1, 0),
(11, 199309100172, 1, 14, '0000-00-00', 1, 1, 0),
(12, 199307602849, 1, 11, '2019-03-08', 1, 1, 0),
(13, 198717200037, 1, 11, '2019-03-05', 1, 1, 0),
(14, 196715702513, 1, 11, '2019-03-08', 1, 1, 0),
(15, 198032500359, 1, 11, '2019-03-08', 0, 1, 0),
(16, 198019701130, 1, 11, '2019-03-08', 0, 1, 0),
(17, 197209902302, 1, 11, '2019-03-08', 0, 1, 0),
(18, 198927600357, 1, 11, '2019-03-08', 1, 1, 0),
(19, 199385703093, 1, 11, '2019-03-08', 1, 1, 0),
(20, 199374801357, 1, 11, '2019-03-08', 0, 1, 0),
(21, 198853801383, 1, 11, '2019-03-08', 1, 1, 0),
(22, 197234701710, 1, 11, '2019-03-07', 0, 1, 0),
(23, 198715701910, 1, 11, '2019-03-08', 1, 1, 0),
(24, 197685702194, 1, 11, '2019-03-08', 0, 1, 0),
(25, 198872600460, 1, 11, '2019-03-08', 0, 1, 0),
(26, 196223900248, 1, 11, '2019-03-07', 0, 1, 0),
(27, 199385900117, 1, 11, '2019-03-07', 0, 1, 0),
(28, 198609104050, 1, 11, '2019-03-08', 1, 1, 0),
(29, 198361101834, 1, 11, '2019-03-08', 1, 1, 0),
(30, 197102902620, 1, 11, '2019-06-25', 1, 1, 0),
(31, 198151801310, 4, 11, '2019-02-15', 1, 1, 0),
(32, 198210400884, 4, 11, '2019-02-15', 1, 1, 0),
(33, 197876303595, 4, 11, '2019-02-15', 1, 1, 0),
(34, 199228804897, 4, 11, '2019-02-13', 1, 1, 0),
(35, 199030803190, 4, 11, '2019-02-13', 1, 1, 0),
(36, 197053803243, 4, 11, '2019-02-14', 1, 1, 0),
(37, 199036600317, 4, 11, '2019-02-13', 1, 1, 0),
(38, 197707500156, 4, 11, '2019-02-13', 1, 1, 0),
(39, 196728603147, 4, 11, '2019-02-13', 1, 1, 0),
(40, 197218304492, 4, 11, '2019-02-13', 1, 1, 0),
(41, 199229301895, 4, 11, '2019-02-13', 1, 1, 0),
(42, 198508203588, 4, 11, '2019-02-13', 1, 1, 0),
(43, 196733802827, 4, 11, '2019-02-11', 1, 1, 0),
(44, 197177702040, 4, 11, '2019-03-01', 1, 1, 0),
(45, 198420101337, 4, 11, '2019-02-28', 1, 1, 0),
(46, 197427102168, 2, 14, '2019-02-05', 0, 2, 0),
(47, 197563600604, 2, 14, '2019-02-05', 0, 2, 1),
(48, 199036600317, 2, 14, '2019-02-05', 0, 2, 1),
(49, 196134702746, 2, 14, '2019-02-05', 0, 2, 1),
(50, 198172201041, 2, 14, '2019-02-06', 0, 2, 1),
(51, 199115901502, 2, 14, '2019-02-06', 1, 1, 0),
(52, 197612701164, 2, 14, '2019-06-02', 1, 1, 0),
(53, 198805002212, 2, 14, '2019-06-02', 1, 1, 0),
(54, 199181502130, 2, 14, '2019-06-02', 1, 1, 0),
(55, 198358303399, 2, 14, '2019-02-06', 1, 2, 0),
(56, 198215801745, 2, 14, '2019-06-02', 0, 1, 0),
(57, 199134803863, 2, 14, '2019-06-02', 0, 1, 0),
(58, 197581701868, 2, 14, '2019-02-06', 1, 2, 0),
(59, 198954804555, 2, 14, '2019-02-06', 1, 1, 0),
(60, 199121300614, 2, 14, '2019-02-06', 1, 1, 0),
(61, 199008602490, 2, 14, '2019-02-06', 1, 1, 0),
(62, 198417000112, 2, 14, '2019-02-06', 1, 3, 0),
(63, 197928705025, 2, 14, '2019-02-06', 1, 2, 0),
(64, 198183703600, 2, 14, '2019-02-07', 1, 1, 0),
(65, 197517500170, 2, 14, '2019-02-07', 1, 1, 0),
(66, 199113702002, 2, 14, '2019-02-07', 1, 1, 0),
(67, 198607604059, 2, 14, '2019-02-07', 1, 1, 0),
(68, 197663800999, 2, 14, '2019-02-07', 1, 1, 0),
(69, 197327603627, 2, 14, '2019-02-07', 1, 1, 0),
(70, 197629603450, 2, 14, '2019-02-07', 0, 1, 0),
(71, 196372902463, 2, 14, '2019-02-07', 1, 1, 0),
(72, 197628804712, 2, 14, '2019-02-07', 1, 1, 0),
(73, 197928205362, 2, 14, '2019-02-07', 1, 1, 0),
(74, 197583304201, 2, 14, '2019-02-07', 1, 1, 0),
(75, 199121603474, 2, 14, '2019-02-07', 1, 1, 0),
(76, 197168102090, 2, 14, '2019-02-07', 1, 1, 0),
(77, 197176604426, 2, 14, '2019-02-07', 1, 1, 0),
(78, 197183202677, 2, 14, '2019-02-07', 1, 1, 0),
(79, 197053601436, 2, 14, '2019-02-07', 1, 1, 0),
(80, 196512602364, 2, 14, '2019-02-07', 1, 1, 0),
(81, 198767802251, 2, 14, '2019-02-07', 0, 1, 0),
(82, 198767802251, 2, 14, '2019-02-07', 0, 1, 0),
(83, 196007400946, 2, 14, '2019-02-07', 1, 1, 0),
(84, 198767802251, 2, 14, '2019-02-07', 0, 1, 0),
(85, 198364801666, 2, 14, '2019-02-07', 0, 1, 0),
(86, 198130200270, 2, 14, '2019-02-12', 1, 1, 0),
(87, 196733802827, 2, 14, '2019-02-12', 1, 1, 0),
(88, 196404402948, 2, 14, '2019-02-12', 1, 1, 0),
(89, 197831905526, 2, 14, '2019-02-12', 1, 1, 0),
(90, 196506800685, 2, 14, '2019-02-08', 1, 1, 0),
(91, 199333101902, 2, 2, '2019-02-08', 1, 1, 0),
(92, 198316404133, 2, 14, '2019-02-08', 1, 1, 0),
(93, 198380102140, 2, 14, '2019-02-08', 0, 1, 0),
(94, 197707500156, 2, 14, '2019-02-11', 1, 1, 0),
(95, 196132602377, 2, 22, '2019-02-11', 1, 1, 0),
(96, 19680584656, 2, 14, '2019-02-11', 0, 1, 0),
(97, 198212903162, 2, 14, '2019-02-11', 0, 1, 0),
(98, 196805804656, 2, 14, '2019-02-11', 0, 1, 0),
(99, 198706100378, 2, 14, '2019-02-11', 0, 1, 0),
(100, 199436004100, 2, 14, '2019-02-11', 0, 1, 0),
(101, 199151503496, 2, 14, '2019-02-08', 0, 1, 0),
(102, 197812004862, 2, 14, '2019-02-08', 1, 1, 0),
(103, 199732502186, 2, 14, '2019-02-08', 1, 1, 0),
(104, 199229102980, 2, 14, '2019-02-08', 1, 1, 0),
(105, 198906600010, 3, 11, '2019-08-08', 1, 1, 0),
(106, 197621202685, 3, 11, '2019-08-08', 1, 1, 0),
(107, 198212910042, 3, 11, '2019-08-08', 0, 1, 0),
(108, 198421602831, 3, 11, '2019-08-08', 1, 1, 0),
(109, 197336302470, 3, 11, '2019-08-08', 0, 1, 0),
(110, 196300101868, 3, 11, '2019-08-08', 0, 1, 0),
(111, 198321001133, 3, 11, '2019-08-08', 1, 1, 0),
(112, 198401200341, 3, 11, '2019-08-08', 1, 1, 0),
(113, 197204400300, 3, 11, '2019-08-07', 0, 1, 0),
(114, 198133101178, 3, 11, '2019-08-07', 0, 1, 0),
(115, 198702300184, 3, 11, '2019-08-07', 0, 1, 0),
(116, 197633001958, 3, 11, '2019-08-07', 0, 1, 0),
(117, 198506903226, 3, 11, '2019-08-07', 1, 1, 0),
(118, 196304300526, 3, 11, '2019-08-07', 0, 1, 0),
(119, 198231903157, 3, 11, '2019-08-07', 0, 1, 0),
(120, 198103604041, 3, 11, '2019-08-07', 0, 1, 0),
(121, 196217903462, 6, 14, '2019-07-08', 1, 1, 0),
(122, 197519803263, 6, 14, '2019-07-08', 1, 1, 0),
(123, 196916903856, 6, 14, '2019-07-08', 1, 1, 0),
(124, 197402102494, 6, 14, '2019-07-08', 1, 1, 0),
(125, 1, 6, 14, '2019-07-08', 0, 1, 0),
(126, 197415500148, 6, 14, '2019-07-08', 1, 1, 0),
(127, 198024203268, 6, 14, '2019-07-08', 1, 1, 0),
(128, 197121501218, 6, 14, '2019-07-09', 1, 1, 0),
(129, 197129203709, 6, 14, '2019-07-09', 0, 1, 0),
(130, 196801101960, 6, 14, '2019-07-09', 0, 1, 0),
(131, 199120403657, 6, 14, '2019-07-09', 0, 1, 0),
(132, 198112000700, 6, 14, '2019-07-09', 0, 1, 0),
(133, 197407901150, 6, 14, '2019-07-09', 0, 1, 0),
(134, 198023704070, 6, 14, '2019-07-09', 0, 1, 0),
(135, 197211503673, 6, 14, '2019-07-09', 0, 1, 0),
(136, 197607102302, 6, 14, '2019-07-09', 0, 1, 0),
(137, 197714301453, 6, 14, '2019-07-09', 0, 1, 0),
(138, 197232600639, 7, 11, '2019-09-27', 0, 1, 0),
(139, 197827801359, 7, 11, '2019-09-27', 0, 1, 0),
(140, 196554901843, 7, 11, '2019-09-27', 0, 1, 0),
(141, 197256602092, 7, 11, '2019-09-27', 0, 1, 0),
(142, 197002102262, 7, 11, '2019-09-27', 0, 1, 0),
(143, 2, 7, 11, '2019-09-27', 0, 1, 0),
(144, 3, 7, 11, '2019-09-27', 0, 1, 0),
(145, 196778700389, 7, 11, '2019-09-27', 0, 1, 0),
(146, 197232002248, 7, 11, '2019-09-27', 0, 1, 0),
(147, 196405901056, 7, 11, '2019-09-30', 0, 1, 0),
(148, 198265500090, 7, 11, '2019-09-30', 0, 1, 0),
(149, 196762200054, 7, 11, '2019-09-30', 0, 1, 0),
(150, 196775100374, 7, 11, '2019-09-30', 0, 1, 0),
(151, 196419500734, 7, 11, '2019-09-30', 0, 1, 0),
(152, 197574901885, 7, 11, '2019-09-30', 0, 1, 0),
(153, 197669701326, 7, 11, '2019-09-30', 0, 1, 0),
(154, 196918400565, 7, 11, '2019-10-01', 0, 1, 0),
(155, 198084503770, 7, 11, '2019-10-01', 0, 1, 0),
(156, 197962900625, 7, 11, '2019-10-01', 0, 1, 0),
(157, 196100701252, 7, 11, '2019-09-23', 0, 1, 0),
(158, 197422401734, 7, 11, '2019-09-23', 0, 1, 0),
(159, 197109903467, 7, 11, '2019-10-03', 0, 1, 0),
(160, 196409100500, 7, 11, '2019-10-03', 0, 1, 0),
(161, 196779900180, 7, 11, '2019-10-03', 0, 1, 0),
(162, 196873800860, 7, 11, '2019-10-03', 0, 1, 0),
(163, 196474501276, 7, 11, '2019-10-07', 0, 1, 0),
(164, 198350303414, 7, 11, '2019-10-07', 0, 1, 0),
(165, 878102568, 2, 16, '2020-07-08', 0, 1, 0),
(166, 199307602849, 2, 15, '2020-07-22', 1, 1, 0),
(167, 199307602849, 1, 14, '2020-07-28', 1, 1, 0),
(168, 199307602849, 1, 18, '2020-06-30', 1, 1, 0),
(169, 199307602849, 1, 16, '2020-07-01', 1, 1, 0);

-- --------------------------------------------------------

--
-- Table structure for table `tbl_dir_div`
--

CREATE TABLE `tbl_dir_div` (
  `dir_div_id` int(11) NOT NULL,
  `dir_div_name` varchar(250) COLLATE utf8_sinhala_ci NOT NULL
) ENGINE=InnoDB DEFAULT CHARSET=utf8 COLLATE=utf8_sinhala_ci;

--
-- Dumping data for table `tbl_dir_div`
--

INSERT INTO `tbl_dir_div` (`dir_div_id`, `dir_div_name`) VALUES
(1, '  '),
(2, ' '),
(3, ' '),
(4, '   '),
(5, '     '),
(6, '    '),
(7, '     '),
(8, '   '),
(9, '      '),
(10, '     '),
(11, '  '),
(12, ' '),
(13, '    '),
(14, '   '),
(15, '     '),
(16, '   ');

-- --------------------------------------------------------

--
-- Table structure for table `tbl_district`
--

CREATE TABLE `tbl_district` (
  `district_id` int(11) NOT NULL,
  `district_code` int(11) NOT NULL,
  `district_name` varchar(50) NOT NULL,
  `province_id` int(11) NOT NULL
) ENGINE=InnoDB DEFAULT CHARSET=latin1;

--
-- Dumping data for table `tbl_district`
--

INSERT INTO `tbl_district` (`district_id`, `district_code`, `district_name`, `province_id`) VALUES
(1, 0, 'Ampara', 0),
(2, 0, 'Anuradhapura', 0),
(3, 0, 'Badulla', 0),
(4, 0, 'Batticaloa', 0),
(5, 0, 'Colombo', 0),
(6, 0, 'Galle', 0),
(7, 0, 'Gampaha', 0),
(8, 0, 'Hambantota', 0),
(9, 0, 'Jaffna', 0),
(10, 0, 'Kalutara', 0),
(11, 0, 'Kandy', 0),
(12, 0, 'Kegalla', 0),
(13, 0, 'Killinochchi', 0),
(14, 0, 'Kurunegala', 0),
(15, 0, 'Mannar', 0),
(16, 0, 'Matale', 0),
(17, 0, 'Matara', 0),
(18, 0, 'Moneragala', 0),
(19, 0, 'Mullaitivu', 0),
(20, 0, 'Nuwara Eliya', 0),
(21, 0, 'Polonnaruwa', 0),
(22, 0, 'Puttalam', 0),
(23, 0, 'Rathnapura', 0),
(24, 0, 'Trincomalee', 0),
(25, 0, 'Vavunia', 0);

-- --------------------------------------------------------

--
-- Table structure for table `tbl_employee`
--

CREATE TABLE `tbl_employee` (
  `emp_id` bigint(20) NOT NULL,
  `emp_title` enum('Mr','Mrs','Miss','Ms') COLLATE utf8_sinhala_ci NOT NULL,
  `emp_name` varchar(500) COLLATE utf8_sinhala_ci NOT NULL,
  `emp_post` varchar(50) COLLATE utf8_sinhala_ci NOT NULL,
  `unit_id` varchar(250) COLLATE utf8_sinhala_ci NOT NULL,
  `emp_dob` date NOT NULL,
  `emp_gender` enum('Male','Female','','') COLLATE utf8_sinhala_ci NOT NULL,
  `emp_home_phone` int(11) DEFAULT NULL,
  `emp_mobile` int(11) DEFAULT NULL,
  `emp_email` varchar(50) COLLATE utf8_sinhala_ci DEFAULT NULL
) ENGINE=InnoDB DEFAULT CHARSET=utf8 COLLATE=utf8_sinhala_ci;

--
-- Dumping data for table `tbl_employee`
--

INSERT INTO `tbl_employee` (`emp_id`, `emp_title`, `emp_name`, `emp_post`, `unit_id`, `emp_dob`, `emp_gender`, `emp_home_phone`, `emp_mobile`, `emp_email`) VALUES
(2, 'Mrs', '.... ', '18', '--Select--', '2019-01-01', 'Female', 0, 0, ''),
(3, 'Mrs', '. ', '18', '--Select--', '2019-01-01', 'Female', 0, 0, ''),
(196100701252, 'Mr', ' .. ', '5', '34', '1961-01-07', 'Male', 812388206, 714429881, 'jnkj@gmail.com'),
(196132602377, 'Mr', '...   ', '100', '150', '1961-11-22', 'Male', 813146006, 0, ''),
(196134702746, 'Mr', '..  ', '95', '49', '1961-12-13', 'Male', 372258561, 773892806, ''),
(196217903462, 'Mr', '.. ', '99', '119', '1962-06-27', 'Male', 552258292, 713931819, ''),
(196223900248, 'Mr', '..  ', '20', '46', '1962-08-27', 'Male', 272254317, 777866674, ''),
(196300101868, 'Mr', '.... ', '70', '35', '1963-01-01', 'Male', 812388011, 718570303, ''),
(196304300526, 'Mr', '.... ', '70', '88', '1963-02-12', 'Male', 812388146, 775213644, ''),
(196372902463, 'Mrs', '..  ', '100', '44', '1963-08-17', 'Female', 372267759, 0, ''),
(196404402948, 'Mr', '.. ', '100', '167', '1964-02-13', 'Male', 272222370, 0, ''),
(196405901056, 'Mr', '.. ', '20', '88', '1964-02-28', 'Male', 812387402, 779279032, ''),
(196409100500, 'Mr', ' .... ', '5', '49', '1964-03-31', 'Male', 372258561, 718003289, ''),
(196419500734, 'Mr', ' ', '10', '58', '1964-07-13', 'Male', 472228204, 718181717, ''),
(196474501276, 'Mrs', '..... ', '20', '84', '1964-09-01', 'Female', 452264546, 718061974, ''),
(196506800685, 'Mr', '..... ', '83', '180', '1965-03-08', 'Male', 662284831, 713725634, ''),
(196512602364, 'Mr', '.. ', '95', '57', '1965-05-05', 'Male', 252249178, 724280911, ''),
(196554901843, 'Mrs', ' .. ', '10', '127', '1965-02-18', 'Female', 812388494, 718003296, ''),
(196715702513, 'Mr', '.  ', '53', '167', '1967-06-06', 'Male', 272222370, 778254101, ''),
(196728603147, 'Mr', '..  ', '100', '101', '1967-10-13', 'Male', 662284138, 712734953, ''),
(196733802827, 'Mr', '..  ', '100', '167', '1967-12-04', 'Male', 272222370, 724297165, ''),
(196762200054, 'Ms', '... ', '22', '85', '1967-05-01', 'Female', 912234878, 714428123, ''),
(196775100374, 'Mrs', '... ', '22', '85', '1967-09-07', 'Female', 912234878, 712132195, ''),
(196778700389, 'Miss', '.... ', '20', '180', '1967-10-13', 'Female', 662284831, 718147077, ''),
(196779900180, 'Miss', '.. ', '23', '48', '1967-10-25', 'Female', 812388246, 714484122, ''),
(196801101960, 'Mr', '..  ', '99', '49', '1968-01-11', 'Male', 372259364, 775766307, ''),
(196805804656, 'Mr', '..  ', '100', '86', '1968-02-27', 'Male', 372267399, 729748101, ''),
(196873800860, 'Miss', '..... ', '23', '48', '1968-08-25', 'Female', 812388246, 714425824, ''),
(196916903856, 'Mr', '... ', '99', '155', '1969-06-17', 'Male', 522229617, 786194313, ''),
(196918400565, 'Mr', '.... ', '20', '79', '1969-07-02', 'Male', 812420485, 718476033, ''),
(197002102262, 'Mr', '. ', '20', '192', '1970-01-21', 'Male', 212280077, 776034656, ''),
(197053601436, 'Miss', '... ', '92', '118', '1970-02-05', 'Female', 252249135, 714770237, ''),
(197053803243, 'Mrs', '...  ', '100', '48', '1970-02-07', 'Female', 812388246, 718981895, ''),
(197102902620, 'Mr', '.... ', '53', '230', '1971-01-29', 'Male', 812388355, 719457397, ''),
(197109903467, 'Mr', '... ', '33', '49', '1971-04-08', 'Male', 372258561, 714411681, ''),
(197121501218, 'Mr', '..   ', '99', '70', '1971-08-02', 'Male', 552276137, 716211732, ''),
(197129203709, 'Mr', '... ', '99', '49', '1971-10-18', 'Male', 0, 773274555, ''),
(197168102090, 'Ms', '.   ', '92', '118', '1971-07-01', 'Female', 252249135, 713730338, ''),
(197176604426, 'Mrs', '... ', '92', '118', '1971-10-07', 'Female', 252249135, 759745191, ''),
(197177702040, 'Mrs', '.... ', '100', '121', '1971-10-27', 'Female', 0, 776902327, ''),
(197183202677, 'Mrs', '...   ', '92', '118', '1971-11-28', 'Female', 252249135, 713974620, ''),
(197204400300, 'Mr', '....    ', '70', '175', '1972-02-13', 'Male', 812420471, 712017750, ''),
(197209902302, 'Mr', '... ', '73', '253', '1972-04-09', 'Male', 812030040, 775364045, ''),
(197211503673, 'Mr', '.... ', '99', '49', '1972-04-24', 'Male', 0, 714674976, ''),
(197218304492, 'Mr', '..  ', '99', '196', '1972-07-02', 'Male', 552277608, 713353016, ''),
(197232002248, 'Mr', '..... ', '47', '180', '1972-11-14', 'Male', 662284831, 718379173, ''),
(197232600639, 'Mr', ' .. ', '20', '47', '1972-11-22', 'Male', 572222615, 714495445, ''),
(197234701710, 'Mr', '.. ', '53', '47', '1972-12-18', 'Male', 522222615, 711485725, ''),
(197256602092, 'Mrs', '... ', '23', '127', '1972-03-06', 'Female', 812388494, 714453693, ''),
(197327603627, 'Mr', '..  ', '100', '44', '1973-10-03', 'Male', 372267759, 0, ''),
(197336302470, 'Mr', '..  ', '70', '253', '1973-12-29', 'Male', 812030040, 753866690, ''),
(197402102494, 'Mr', '..  ', '99', '237', '1974-01-21', 'Male', 552276270, 774436001, ''),
(197407901150, 'Mr', '..   ', '99', '49', '1974-03-19', 'Male', 0, 778748717, ''),
(197415500148, 'Mr', '... ', '99', '43', '1974-06-03', 'Male', 0, 710623046, ''),
(197422401734, 'Mr', '.. ', '10', '34', '1974-07-11', 'Male', 812388206, 759749183, ''),
(197427102168, 'Mr', '.... ', '95', '49', '1974-09-29', 'Male', 372258561, 711351723, ''),
(197517500170, 'Mr', '.... ', '100', '73', '1975-06-24', 'Male', 252235037, 716311915, ''),
(197519803263, 'Mr', '..  ', '99', '155', '1975-07-16', 'Male', 522229617, 723039193, ''),
(197563600604, 'Mrs', '....  ', '100', '49', '1975-05-16', 'Female', 372259364, 723595793, ''),
(197574901885, 'Mr', '.. ', '22', '54', '1975-09-05', 'Male', 912244345, 712537465, ''),
(197581701868, 'Ms', '..  ', '100', '186', '1975-11-13', 'Female', 252055654, 759746228, ''),
(197583304201, 'Mrs', '..  ', '100', '123', '1975-11-29', 'Female', 0, 715904932, ''),
(197607102302, 'Mr', '.  ', '99', '49', '1976-03-11', 'Male', 0, 716149956, ''),
(197612701164, 'Mr', '..   ', '88', '87', '1976-04-07', 'Male', 252235042, 0, ''),
(197621202685, 'Mr', '.... ', '70', '87', '1976-06-30', 'Male', 252235042, 711801598, ''),
(197628804712, 'Mr', '... ', '100', '123', '1976-10-15', 'Male', 0, 788682715, ''),
(197629603450, 'Mr', '  ', '100', '44', '1976-10-23', 'Male', 0, 0, ''),
(197633001958, 'Mr', '.... ', '70', '173', '1976-11-26', 'Male', 332273272, 716079794, ''),
(197663800999, 'Mrs', '... ', '100', '44', '1976-06-12', 'Female', 372267759, 0, ''),
(197669701326, 'Ms', '..... ', '53', '54', '1976-07-15', 'Female', 912244345, 726986881, ''),
(197685702194, 'Mrs', '.  ', '53', '129', '1976-12-23', 'Female', 112252028, 714418603, ''),
(197707500156, 'Mr', '..  ', '100', '150', '1977-03-16', 'Male', 0, 728445471, ''),
(197714301453, 'Mr', '..   ', '99', '49', '1977-05-22', 'Male', 0, 762443313, ''),
(197812004862, 'Mr', '..   ', '100', '240', '1978-04-29', 'Male', 312299625, 774819082, ''),
(197827801359, 'Mr', '..    ', '33', '47', '1978-10-04', 'Male', 522222615, 717071698, ''),
(197831905526, 'Mr', '..  ', '100', '199', '1978-11-15', 'Male', 272050222, 766780031, ''),
(197876303595, 'Ms', '..   ', '100', '65', '1978-09-20', 'Female', 812388098, 767022214, ''),
(197928205362, 'Mr', '....  ', '100', '123', '1979-10-09', 'Male', 0, 712232412, ''),
(197928705025, 'Mr', '.... ', '100', '91', '1979-10-14', 'Male', 252222437, 713811621, ''),
(197962900625, 'Mrs', '.... ', '47', '142', '1979-05-08', 'Female', 813753529, 718071860, ''),
(198019701130, 'Mr', '...  ', '53', '253', '1980-07-16', 'Male', 812030040, 712820912, ''),
(198023704070, 'Mr', '.  ', '99', '49', '1980-08-24', 'Male', 0, 776598975, ''),
(198024203268, 'Mr', '... ', '99', '43', '1980-08-29', 'Male', 0, 775461199, ''),
(198032500359, 'Mr', '  ', '44', '253', '1980-11-21', 'Male', 812030040, 776981036, ''),
(198084503770, 'Mrs', '... ', '22', '79', '1980-12-11', 'Female', 812420485, 718038424, ''),
(198103604041, 'Mr', '..   ', '70', '229', '1981-02-05', 'Male', 812388136, 777298725, ''),
(198112000700, 'Mr', '..... ', '99', '49', '1981-04-29', 'Male', 0, 771191481, ''),
(198130200270, 'Mr', '..  ', '100', '167', '1981-10-29', 'Male', 272222370, 759746317, ''),
(198133101178, 'Mr', '.... ', '70', '65', '1981-11-27', 'Male', 812389127, 718155767, ''),
(198151801310, 'Mrs', '..   ', '100', '77', '1981-01-18', 'Female', 812388123, 712078293, ''),
(198172201041, 'Mrs', '..   ', '95', '87', '1981-07-10', 'Female', 252235042, 0, ''),
(198183703600, 'Mrs', '..  ', '95', '73', '1981-12-03', 'Female', 252235037, 718302024, ''),
(198210400884, 'Mr', '..  ', '100', '164', '1982-04-14', 'Male', 553555654, 783664734, ''),
(198212903162, 'Mr', '...   ', '100', '86', '1982-05-08', 'Male', 372267399, 722550160, ''),
(198212910042, 'Mr', '.. ', '70', '49', '1982-05-08', 'Male', 372258561, 716234735, ''),
(198215801745, 'Mr', '..   ', '94', '186', '1982-06-07', 'Male', 252055654, 783670663, ''),
(198231903157, 'Mr', '.... ', '70', '128', '1982-11-15', 'Male', 812388135, 718247930, ''),
(198265500090, 'Mrs', '.... ', '22', '88', '1982-06-03', 'Female', 812388146, 716691932, ''),
(198316404133, 'Mr', '.   ', '100', '180', '1983-06-12', 'Male', 662284831, 783670377, ''),
(198320403435, 'Mr', '..... ', '33', '58', '1983-07-22', 'Male', 472228336, 713734626, ''),
(198321001133, 'Mr', '..   ', '70', '179', '1983-07-28', 'Male', 372260253, 714955500, ''),
(198350303414, 'Mrs', '.. ', '31', '84', '1983-01-03', 'Female', 452264546, 779722694, ''),
(198358303399, 'Mrs', '... ', '100', '99', '1983-08-06', 'Female', 252249260, 783592676, ''),
(198361101834, 'Mrs', '. ', '44', '98', '1983-04-21', 'Female', 472226039, 715921970, ''),
(198364801666, 'Ms', '..... ', '86', '57', '1983-05-27', 'Female', 252249132, 715735020, ''),
(198380102140, 'Mrs', '..   ', '100', '180', '1983-10-28', 'Female', 662284831, 716678035, ''),
(198401200341, 'Mr', '.... ', '70', '149', '1984-01-12', 'Male', 0, 715286404, ''),
(198417000112, 'Mr', '.... ', '76', '91', '1984-06-19', 'Male', 252222437, 710810512, ''),
(198420101337, 'Mr', '.  ', '100', '97', '1984-07-20', 'Male', 552258294, 774566255, ''),
(198421602831, 'Mr', '..   ', '70', '78', '1984-08-03', 'Male', 552265349, 771805676, ''),
(198506903226, 'Mr', '... ', '70', '84', '1985-03-09', 'Male', 452264546, 718847893, ''),
(198508203588, 'Mr', '.. ', '100', '250', '1985-03-26', 'Male', 472227166, 714660921, ''),
(198607604059, 'Mr', '.... ', '100', '73', '1986-03-17', 'Male', 0, 712368236, ''),
(198609104050, 'Mr', '..  ', '47', '184', '1986-04-01', 'Male', 472247415, 712609909, ''),
(198702300184, 'Mr', '..... ', '70', '76', '1987-01-23', 'Male', 812388754, 713500057, ''),
(198706100378, 'Mr', '....  ', '100', '86', '1987-03-01', 'Male', 372267399, 705785819, ''),
(198715701910, 'Mr', '.... ', '47', '116', '1987-06-06', 'Male', 242224592, 711413912, ''),
(198717200037, 'Mr', '....  ', '47', '199', '1987-06-21', 'Male', 272050222, 718045215, ''),
(198767802251, 'Ms', '..   ', '95', '57', '1987-06-26', 'Female', 252249132, 716363598, ''),
(198805002212, 'Mr', '..   ', '100', '87', '1988-02-19', 'Male', 252235042, 0, ''),
(198853801383, 'Miss', '.... ', '44', '154', '1988-02-07', 'Female', 522222479, 779866574, ''),
(198872600460, 'Miss', '...  ', '53', '129', '1988-08-14', 'Female', 112252028, 781499965, ''),
(198906600010, 'Mr', '..   ', '99', '239', '1989-03-06', 'Male', 553051718, 718962353, ''),
(198927600357, 'Mrs', '...... ', '54', '206', '1989-10-03', 'Female', 522222409, 718983862, ''),
(198954804555, 'Mrs', '.... ', '100', '186', '1989-02-17', 'Female', 252055654, 768949442, ''),
(199008602490, 'Mr', '.... ', '74', '91', '1990-03-27', 'Male', 252222437, 714996790, ''),
(199030803190, 'Mr', '.... ', '89', '41', '1990-11-04', 'Male', 572280732, 703433121, ''),
(199036600317, 'Mr', '..    ', '100', '49', '1990-12-31', 'Male', 372258561, 779535751, ''),
(199113702002, 'Mr', '.  ', '100', '73', '1991-05-17', 'Male', 711488141, 712480901, ''),
(199115901502, 'Mr', '..  ', '89', '87', '1991-06-08', 'Male', 252235042, 0, ''),
(199120403657, 'Mr', '...  ', '99', '49', '1991-07-22', 'Male', 372258561, 716922642, ''),
(199121300614, 'Mr', '.... ', '75', '91', '1991-08-01', 'Male', 252222437, 714179477, ''),
(199121603474, 'Mr', '...  ', '100', '123', '1991-08-04', 'Male', 0, 715498150, ''),
(199134803863, 'Mr', '..  ', '100', '186', '1991-12-14', 'Male', 252055654, 717102899, ''),
(199151503496, 'Miss', '..  ', '100', '240', '1991-04-24', 'Female', 312299625, 771738676, ''),
(199181502130, 'Mrs', '.... ', '100', '99', '1991-11-11', 'Female', 252249260, 787180225, ''),
(199228804897, 'Mr', '..  ', '91', '82', '1992-10-15', 'Male', 242222286, 702474797, ''),
(199229102980, 'Mr', '.... ', '99', '240', '1992-10-17', 'Male', 312299625, 716199583, ''),
(199229301895, 'Mr', '..... ', '100', '152', '1992-10-20', 'Male', 812388106, 756802663, ''),
(199307602849, 'Mr', '...  ', '48', '239', '1993-03-17', 'Male', 553051718, 716057931, ''),
(199333101902, 'Mr', '..   ', '99', '180', '1993-11-27', 'Male', 0, 716348642, ''),
(199374801357, 'Miss', '.... ', '65', '156', '1993-09-05', 'Female', 522237277, 717660167, ''),
(199385703093, 'Miss', '  ', '103', '206', '1993-12-24', 'Female', 522222409, 704229195, ''),
(199385900117, 'Miss', '..   ', '65', '46', '1993-12-25', 'Female', 272254317, 756412332, ''),
(199436004100, 'Mr', '... ', '100', '86', '1994-12-26', 'Male', 372267399, 723547560, ''),
(199732502186, 'Mr', '..... ', '75', '240', '1997-11-21', 'Male', 312299625, 766532517, '');

-- --------------------------------------------------------

--
-- Table structure for table `tbl_post`
--

CREATE TABLE `tbl_post` (
  `post_id` int(11) NOT NULL,
  `post_name` varchar(500) COLLATE utf8_sinhala_ci NOT NULL
) ENGINE=InnoDB DEFAULT CHARSET=utf8 COLLATE=utf8_sinhala_ci;

--
-- Dumping data for table `tbl_post`
--

INSERT INTO `tbl_post` (`post_id`, `post_name`) VALUES
(1, '   '),
(2, '    ( ) '),
(3, '    () '),
(4, '    ()  '),
(5, '  '),
(6, ' () '),
(7, ' () '),
(8, '  '),
(9, '  '),
(10, '   '),
(11, '  '),
(12, '  '),
(13, '   '),
(14, '  I   '),
(15, '  '),
(16, ' (//) 1 '),
(17, ' ( ) 1 '),
(18, '  /   () '),
(19, '  /    () '),
(20, '   '),
(21, '  '),
(22, '   ( '),
(23, '   ( '),
(24, '   (  '),
(25, ' (II/ III)'),
(26, ' () '),
(27, ' () '),
(28, ' ( ) '),
(29, ' '),
(30, ' (   '),
(31, '   ( '),
(32, '   ( '),
(33, ' '),
(34, ' ( ) '),
(35, '  ( ) '),
(36, '  () '),
(37, '   '),
(38, '  (/)'),
(39, '    '),
(40, '   '),
(41, '  () '),
(42, '  '),
(43, '   '),
(44, '   '),
(45, ' ( I/II/ III)'),
(46, ' '),
(47, '  '),
(48, '  '),
(49, '  ()'),
(50, '  ()'),
(51, '  () '),
(52, '  '),
(53, '   '),
(54, '  ( ) '),
(55, '  (  ) '),
(56, '  ( -  ) '),
(57, '  ( - ) '),
(58, '  ( -  ) '),
(59, '    '),
(60, '  '),
(61, ' '),
(62, '     '),
(63, '  '),
(64, '  '),
(65, '  '),
(66, '  '),
(67, '  '),
(68, ' '),
(69, '   '),
(70, ' '),
(71, '   '),
(72, '    '),
(73, ' '),
(74, '  '),
(75, '  '),
(76, ' '),
(77, ' '),
(78, ' '),
(79, ' '),
(80, '  '),
(81, '   '),
(82, '    '),
(83, '  '),
(84, ' /     '),
(85, ' '),
(86, '  '),
(87, '  () '),
(88, '   '),
(89, ' '),
(90, ' '),
(91, ' '),
(92, ' '),
(93, '   '),
(94, '  '),
(95, '   '),
(96, '      '),
(97, '   /  /'),
(98, '  '),
(99, ' '),
(100, '    '),
(101, ''),
(102, '  '),
(103, '   ');

-- --------------------------------------------------------

--
-- Table structure for table `tbl_resource_contribution_allowance`
--

CREATE TABLE `tbl_resource_contribution_allowance` (
  `training_estimation_id` int(11) NOT NULL,
  `training_date` date NOT NULL,
  `no_of_hours` int(11) NOT NULL,
  `payment_per_hour` double(10,2) NOT NULL
) ENGINE=InnoDB DEFAULT CHARSET=latin1;

--
-- Dumping data for table `tbl_resource_contribution_allowance`
--

INSERT INTO `tbl_resource_contribution_allowance` (`training_estimation_id`, `training_date`, `no_of_hours`, `payment_per_hour`) VALUES
(1, '2020-07-10', 2, 1000.00),
(1, '2020-07-11', 3, 2000.00),
(1, '2020-07-12', 4, 1500.00),
(2, '2020-07-03', 2, 1000.00),
(3, '2020-07-12', 6, 200.00),
(4, '2020-08-08', 5, 200.00),
(4, '2020-08-09', 1, 2000.00),
(5, '2020-06-05', 6, 600.00),
(6, '2020-07-10', 1, 200.50),
(6, '2020-07-08', 2, 1000.00),
(7, '2020-06-06', 1, 1200.00),
(8, '2020-07-03', 1, 200.00),
(8, '2020-07-04', 2, 300.00),
(10, '2020-06-11', 4, 200.00),
(10, '2020-07-12', 1, 200.00),
(11, '2020-06-30', 2, 2.00),
(12, '2020-07-12', 2, 100.00),
(12, '2020-07-13', 1, 300.00),
(13, '2020-06-17', 1, 200.00),
(14, '2020-06-17', 1, 200.00),
(15, '2020-06-20', 1, 200.00),
(16, '2020-07-04', 1, 300.00),
(17, '2020-06-30', 1, 200.00),
(17, '2020-07-02', 2, 100.00),
(18, '2020-06-30', 1, 200.00),
(18, '2020-07-02', 2, 100.00),
(19, '2020-07-04', 1, 120.00),
(20, '2020-06-18', 1, 340.00),
(20, '2020-07-11', 2, 100.00),
(21, '2020-06-18', 1, 340.00),
(21, '2020-07-11', 2, 100.00),
(22, '2020-06-18', 1, 340.00),
(22, '2020-07-11', 2, 100.00),
(23, '2020-06-18', 1, 340.00),
(23, '2020-07-11', 2, 100.00),
(24, '2020-06-18', 1, 340.00),
(24, '2020-07-11', 2, 100.00),
(25, '2020-06-18', 1, 340.00),
(25, '2020-07-11', 2, 100.00),
(26, '2020-06-16', 1, 200.00),
(26, '2020-06-03', 2, 100.00),
(27, '2020-07-28', 1, 120.00),
(28, '2020-07-28', 1, 120.00),
(29, '2020-07-07', 1, 120.00),
(30, '2020-08-04', 1, 400.00),
(30, '2020-07-15', 2, 100.00),
(31, '2020-07-05', 6, 600.00),
(32, '2020-07-01', 3, 700.00);

-- --------------------------------------------------------

--
-- Table structure for table `tbl_service`
--

CREATE TABLE `tbl_service` (
  `service_id` int(11) NOT NULL,
  `service_name` varchar(100) COLLATE utf8_sinhala_ci NOT NULL
) ENGINE=InnoDB DEFAULT CHARSET=utf8 COLLATE=utf8_sinhala_ci;

--
-- Dumping data for table `tbl_service`
--

INSERT INTO `tbl_service` (`service_id`, `service_name`) VALUES
(1, 'Office Employee Service\r\n'),
(2, 'Combined Driver Service\r\n'),
(3, 'Sri Lanka Information & Communication Technology Services\r\n'),
(4, 'Public Management Assistant Service\r\n'),
(5, 'Sri Lanka Library Service\r\n'),
(6, 'Sri Lanka Technical Service\r\n'),
(7, 'Public Management Assistant Service - Supra\r\n'),
(8, 'SLTS\r\n'),
(9, 'Departmental Primary Level Services\r\n'),
(10, 'Sri Lanka Administrative Service\r\n'),
(11, 'Sri Lanka Agricultural Service\r\n'),
(12, 'Sri Lanka Accountants Service\r\n'),
(13, 'Sri Lanka Engineering Service\r\n'),
(14, 'Departmental Secondary Level Services'),
(15, 'Departmental Graduate Services'),
(16, 'Translator Service');

-- --------------------------------------------------------

--
-- Table structure for table `tbl_training`
--

CREATE TABLE `tbl_training` (
  `train_id` int(11) NOT NULL,
  `train_name` varchar(300) COLLATE utf32_sinhala_ci NOT NULL
) ENGINE=InnoDB DEFAULT CHARSET=utf32 COLLATE=utf32_sinhala_ci;

--
-- Dumping data for table `tbl_training`
--

INSERT INTO `tbl_training` (`train_id`, `train_name`) VALUES
(1, '      2020'),
(2, '    '),
(3, '    '),
(4, '   '),
(5, '      '),
(6, '         '),
(7, '    '),
(8, 'IT 2020.10.10'),
(9, 'IT 2020.10.13'),
(10, 'IT Office'),
(11, 'IT Office'),
(12, ''),
(13, 'IT Office'),
(14, 'IT Office'),
(15, 'IT Office'),
(16, 'IT Office'),
(17, 'IT Office'),
(18, 'IT Office 4'),
(19, 'IT Office huyhiu'),
(20, '');

-- --------------------------------------------------------

--
-- Table structure for table `tbl_training_estimation`
--

CREATE TABLE `tbl_training_estimation` (
  `id` int(11) NOT NULL,
  `train_id` int(11) NOT NULL,
  `district_id` int(11) NOT NULL,
  `fuel_costs` double(10,2) NOT NULL,
  `training_aids` double(10,2) NOT NULL
) ENGINE=InnoDB DEFAULT CHARSET=latin1;

--
-- Dumping data for table `tbl_training_estimation`
--

INSERT INTO `tbl_training_estimation` (`id`, `train_id`, `district_id`, `fuel_costs`, `training_aids`) VALUES
(1, 8, 10, 2300.00, 1000.00),
(2, 8, 9, 2000.00, 4000.00),
(3, 8, 17, 600.00, 670.00),
(4, 8, 17, 400.00, 600.00),
(5, 3, 1, 1000.00, 0.00),
(6, 8, 14, 30000.00, 330.00),
(7, 2, 1, 1000.00, 1000.00),
(8, 8, 17, 3005.40, 2300.20),
(9, 5, 19, 300.00, 3400.00),
(10, 8, 4, 400.00, 500.00),
(11, 2, 6, 0.00, 0.00),
(12, 8, 4, 1000.60, 3400.00),
(13, 8, 7, 2300.00, 2400.00),
(14, 8, 7, 2300.00, 2400.00),
(15, 8, 4, 3400.00, 5000.00),
(16, 9, 17, 3000.00, 4500.40),
(17, 8, 6, 3000.00, 2300.00),
(18, 8, 6, 3000.00, 2300.00),
(19, 8, 7, 3000.00, 2000.00),
(20, 8, 5, 3000.00, 3200.00),
(21, 8, 5, 3000.00, 3200.00),
(22, 8, 5, 3000.00, 3200.00),
(23, 8, 5, 3000.00, 3200.00),
(24, 8, 5, 3000.00, 3200.00),
(25, 8, 5, 3000.00, 3200.00),
(26, 8, 5, 2300.00, 4500.00),
(27, 4, 16, 300.00, 120.00),
(28, 4, 16, 300.00, 120.00),
(29, 3, 1, 300.00, 120.00),
(30, 5, 16, 2000.00, 1200.00),
(31, 1, 12, 1000.00, 1000.00),
(32, 2, 15, 2.00, 3.00);

-- --------------------------------------------------------

--
-- Table structure for table `tbl_unit`
--

CREATE TABLE `tbl_unit` (
  `unit_id` int(3) NOT NULL,
  `unit_name` varchar(400) CHARACTER SET utf32 COLLATE utf32_sinhala_ci NOT NULL,
  `unit_tel` int(10) NOT NULL,
  `dir_div_id` int(2) NOT NULL
) ENGINE=InnoDB DEFAULT CHARSET=utf8;

--
-- Dumping data for table `tbl_unit`
--

INSERT INTO `tbl_unit` (`unit_id`, `unit_name`, `unit_tel`, `dir_div_id`) VALUES
(1, 'rghnhn', 817776546, 1),
(2, '    ( ) , ', 0, 1),
(3, '    () , ', 0, 1),
(4, '   () ', 0, 2),
(5, ' -01 ', 0, 2),
(6, ' -02 ', 0, 2),
(7, ' -03 ', 0, 2),
(8, ' -04 ', 0, 2),
(9, ' -05() ', 0, 2),
(10, ' -06 ', 0, 2),
(11, ' -07 () ', 0, 2),
(12, ' -01 ', 0, 2),
(13, ' -02 ', 0, 2),
(14, ' -03 ', 0, 2),
(15, ' -04 ', 0, 2),
(16, ' -05 ', 0, 2),
(17, ' -06 ', 0, 2),
(18, ' -07 ', 0, 2),
(19, ' -08 ', 0, 2),
(20, ' -09 ', 0, 2),
(21, ' -10 ', 0, 2),
(22, '  ', 0, 3),
(23, '  , ', 0, 3),
(24, '  ', 0, 3),
(25, '  ', 0, 3),
(26, ' ', 0, 3),
(27, ' 1 ', 0, 3),
(28, ' II ', 0, 3),
(29, '    ', 0, 3),
(30, ' ', 0, 3),
(31, ' ', 0, 3),
(32, ' ', 0, 3),
(33, ' ', 0, 3),
(34, '   ', 0, 4),
(35, '     , ', 0, 5),
(36, '    ', 0, 5),
(37, '  , ', 0, 5),
(38, '  , , ', 0, 5),
(39, '  , ', 0, 5),
(40, '   , ', 0, 5),
(41, '  , , ', 0, 5),
(42, '   , ', 0, 5),
(43, '  , ', 0, 5),
(44, '  , ', 0, 5),
(45, '   , ', 0, 5),
(46, '  , ', 0, 5),
(47, '  , , ', 0, 5),
(48, '  , ', 0, 5),
(49, '    ,,', 0, 6),
(50, '  ,', 0, 6),
(51, '  , ', 0, 6),
(52, '   , ', 0, 6),
(53, '  , ', 0, 6),
(54, '  , , ', 0, 6),
(55, '  , ', 0, 6),
(56, '  , ', 0, 6),
(57, '     , ', 0, 7),
(58, '       , ', 0, 7),
(59, '  , ', 0, 7),
(60, '   , ', 0, 7),
(61, '  , ', 0, 7),
(62, '  , ', 0, 7),
(63, '   , ', 0, 7),
(64, '   , ', 0, 7),
(65, '   ', 0, 8),
(66, '  ( ) ,', 0, 8),
(67, '  ( ) ,', 0, 8),
(68, '   , ', 0, 8),
(69, '   , ', 0, 8),
(70, '  ( ) ,', 0, 8),
(71, '  ( ) ,', 0, 8),
(72, '   , ', 0, 8),
(73, '  ( ) ,', 0, 8),
(74, '  ( ) ,', 0, 8),
(75, '   , ', 0, 8),
(76, '     , ', 0, 8),
(77, '   , ', 0, 8),
(78, '     , ', 0, 8),
(79, '   , ', 0, 8),
(80, '   , ', 0, 8),
(81, ' , ', 0, 8),
(82, '   , ', 0, 8),
(83, '   , ', 0, 8),
(84, '   , ', 0, 8),
(85, '   , ', 0, 8),
(86, '   , ', 0, 8),
(87, '   , ', 0, 8),
(88, '   , ', 0, 8),
(89, '   , ', 0, 8),
(90, '   , ', 0, 8),
(91, '   , ', 0, 8),
(92, '   ,, ', 0, 8),
(93, '   , ,', 0, 8),
(94, '   , ', 0, 8),
(95, '      , ', 0, 9),
(96, '   , ', 0, 9),
(97, '   , ', 0, 9),
(98, '   , -', 0, 9),
(99, '   , ', 0, 9),
(100, '   , ', 0, 9),
(101, '   , ', 0, 9),
(102, '   , ', 0, 9),
(103, '   , ', 0, 9),
(104, '   , ', 0, 9),
(105, '   , ', 0, 9),
(106, '   , ', 0, 9),
(107, '   , ', 0, 9),
(108, '   , ', 0, 9),
(109, '   , ', 0, 9),
(110, '   , ', 0, 9),
(111, '   , ', 0, 9),
(112, '   , ', 0, 9),
(113, '   , ', 0, 9),
(114, '   , ', 0, 9),
(115, '   , ', 0, 9),
(116, '   , ', 0, 9),
(117, ' , ', 0, 9),
(118, ' , ', 0, 9),
(119, ' , ', 0, 9),
(120, ' , -', 0, 9),
(121, '   I , ', 0, 9),
(122, '  , ', 0, 9),
(123, '  , ', 0, 9),
(124, '  , , ', 0, 9),
(125, '  , ', 0, 9),
(126, '  , , ', 0, 9),
(127, '   , ', 0, 9),
(128, '  , ', 0, 9),
(129, '   ,   , ', 0, 9),
(130, '  , , ', 0, 9),
(131, '  ,  ,  ', 0, 9),
(132, '   , ', 0, 9),
(133, '   , ', 0, 9),
(134, '   , ', 0, 9),
(135, '     , -', 0, 9),
(136, '   , ', 0, 9),
(137, '   , ', 0, 9),
(138, '  , ', 0, 9),
(139, ' , ', 0, 9),
(140, '  , , ', 0, 9),
(141, '  ,  ', 0, 9),
(142, '    II, ', 0, 9),
(143, '   , ', 0, 9),
(144, '  , ', 0, 9),
(145, '  , , ', 0, 9),
(146, '  , ', 0, 10),
(147, '  , ', 0, 10),
(148, '   , ', 0, 10),
(149, '  , , ', 0, 10),
(150, ' , ', 0, 10),
(151, '  , ', 0, 10),
(152, ',       ', 0, 10),
(153, '   (. . .) , ', 0, 10),
(154, '  , ', 0, 10),
(155, '  , ', 0, 10),
(156, '  , ', 0, 10),
(157, '  , ', 0, 10),
(158, '  , ', 0, 10),
(159, '  , , ', 0, 10),
(160, '   (. . .) , ', 0, 10),
(161, '  , , ', 0, 10),
(162, '  , ', 0, 10),
(163, '   (. . .) , ', 0, 10),
(164, '  , ', 0, 10),
(165, '   (. . .) , ', 0, 10),
(166, '  , ', 0, 10),
(167, '   (. . .) , ', 0, 10),
(168, '  , ', 0, 10),
(169, '   (. . .) , ', 0, 10),
(170, '  , ', 0, 10),
(171, '  , ', 0, 10),
(172, '   (. . .) , ', 0, 10),
(173, '  , ', 0, 10),
(174, '   ,  07', 0, 10),
(175, '   (. . .) , ', 0, 10),
(176, '  , ', 0, 10),
(177, '  , ', 0, 10),
(178, '   , ', 0, 10),
(179, '   (. . .) , ', 0, 10),
(180, '   (. . .) , ', 0, 10),
(181, '   (. . .) , -', 0, 10),
(182, '  , -', 0, 10),
(183, '  , ', 0, 10),
(184, '  , ', 0, 10),
(185, '   , ', 0, 10),
(186, '   (. . .) , ', 0, 10),
(187, '  , ', 0, 10),
(188, '   , ', 0, 10),
(189, '   , ', 0, 10),
(190, '   (. . .) , ', 0, 10),
(191, '   (. . .) , ', 0, 10),
(192, '   (. . .) , ', 0, 10),
(193, '   (. . .) , ', 0, 10),
(194, '  , ', 0, 10),
(195, '  , ', 0, 10),
(196, '  , ', 0, 10),
(197, '  , ', 0, 10),
(198, '  , ', 0, 10),
(199, '  , ', 0, 10),
(200, '  , ', 0, 10),
(201, '  , ', 0, 10),
(202, '  , ', 0, 10),
(203, '  , ', 0, 10),
(204, '  , ', 0, 10),
(205, '  , ', 0, 10),
(206, '  , ', 0, 10),
(207, '  , ', 0, 10),
(208, '   , ', 0, 10),
(209, '    , ', 0, 10),
(210, '    , ', 0, 10),
(211, '    ,  05', 0, 10),
(212, '    , ', 0, 10),
(213, '    , ', 0, 10),
(214, '    , ', 0, 10),
(215, '    , ', 0, 10),
(216, '    , ', 0, 10),
(217, '    , ', 0, 10),
(218, '    , ', 0, 10),
(219, '    , ', 0, 10),
(220, '    , ', 0, 10),
(221, '    , ', 0, 10),
(222, '  ', 0, 11),
(223, '   ', 0, 12),
(224, '   , ', 0, 12),
(225, '  , ', 0, 12),
(226, '  , ', 0, 12),
(227, '  , ', 0, 12),
(228, '  , ', 0, 12),
(229, '    ', 0, 13),
(230, '   , ', 0, 14),
(231, '    ,', 0, 14),
(232, '      , ', 0, 14),
(233, '    ', 0, 15),
(234, '   , ', 0, 15),
(235, '   , ', 0, 15),
(236, '     , ', 0, 15),
(237, '  , , ', 0, 15),
(238, '  , ', 0, 15),
(239, '  , ', 0, 15),
(240, '     , ', 0, 15),
(241, '    , ', 0, 15),
(242, '    , ', 0, 15),
(243, '   , ', 0, 15),
(244, ' , ', 0, 16),
(245, '   , ', 0, 16),
(246, '  , 05', 0, 16),
(247, '   , ', 0, 16),
(248, '   , ', 0, 16),
(249, '   , ', 0, 16),
(250, '      , -', 0, 16),
(251, ' , ', 0, 16),
(252, '  , ', 0, 16),
(253, '    , ', 0, 16),
(254, '  ,  ,', 0, 16);

-- --------------------------------------------------------

--
-- Table structure for table `tbl_user`
--

CREATE TABLE `tbl_user` (
  `user_id` bigint(12) NOT NULL,
  `user_name` varchar(50) NOT NULL,
  `user_password` varchar(32) NOT NULL,
  `user_role` int(11) NOT NULL,
  `user_status` int(2) NOT NULL
) ENGINE=InnoDB DEFAULT CHARSET=latin1;

--
-- Dumping data for table `tbl_user`
--

INSERT INTO `tbl_user` (`user_id`, `user_name`, `user_password`, `user_role`, `user_status`) VALUES
(123569875156, 'chamini', '8de351eeac4e29e110ffca0d8daeab72', 2, 1),
(198636447915, 'Chcl', 'dacaa2f783eaa1a2996483b60d636561', 3, 1),
(198636456715, 'rafiya', 'fc49082e40bf26772ef8505d6e55a68c', 1, 1),
(199012304567, 'admin123', '81dc9bdb52d04dc20036dbd8313ed055', 2, 1),
(199460700960, 'dilini', '81dc9bdb52d04dc20036dbd8313ed055', 3, 1);

-- --------------------------------------------------------

--
-- Table structure for table `tbl_usrlog`
--

CREATE TABLE `tbl_usrlog` (
  `logId` int(11) NOT NULL,
  `user_id` bigint(12) NOT NULL,
  `login_time` timestamp NOT NULL DEFAULT current_timestamp() ON UPDATE current_timestamp()
) ENGINE=InnoDB DEFAULT CHARSET=latin1;

--
-- Dumping data for table `tbl_usrlog`
--

INSERT INTO `tbl_usrlog` (`logId`, `user_id`, `login_time`) VALUES
(212, 199012304567, '2019-07-29 02:50:48'),
(213, 199012304567, '2019-07-29 04:06:34'),
(214, 199012304567, '2019-08-05 05:14:14'),
(215, 199012304567, '2019-08-05 05:24:41'),
(216, 199012304567, '2019-08-06 22:28:14'),
(217, 199012304567, '2019-08-07 00:25:36'),
(218, 199012304567, '2019-08-07 03:42:29'),
(219, 199012304567, '2019-08-07 04:25:47'),
(220, 199012304567, '2019-08-08 06:44:33'),
(221, 199012304567, '2019-08-07 23:37:37'),
(222, 199012304567, '2019-08-08 03:33:55'),
(223, 199012304567, '2019-08-08 04:44:18'),
(224, 199012304567, '2019-08-08 06:27:30'),
(225, 199012304567, '2019-08-07 20:38:55'),
(226, 199012304567, '2019-08-07 22:23:33'),
(227, 199012304567, '2019-08-08 01:15:12'),
(228, 199012304567, '2019-08-08 03:53:43'),
(229, 199012304567, '2019-08-08 05:37:51'),
(230, 199012304567, '2019-08-09 06:47:30'),
(231, 199012304567, '2019-08-08 20:45:04'),
(232, 199012304567, '2019-08-08 22:23:29'),
(233, 199012304567, '2019-08-09 00:52:38'),
(234, 199012304567, '2019-08-09 01:06:23'),
(235, 199012304567, '2019-08-09 01:12:51'),
(236, 199012304567, '2019-08-09 02:57:30'),
(237, 199012304567, '2019-08-20 04:41:27'),
(238, 199012304567, '2019-08-20 04:53:37'),
(239, 199012304567, '2019-08-20 06:34:31'),
(240, 199012304567, '2019-08-19 20:24:47'),
(241, 199012304567, '2019-08-19 20:32:30'),
(242, 199012304567, '2019-08-19 22:17:38'),
(243, 199012304567, '2019-08-19 23:59:16'),
(244, 199012304567, '2019-08-20 00:45:36'),
(245, 199012304567, '2019-08-20 02:32:39'),
(246, 199012304567, '2019-08-20 03:12:24'),
(247, 199012304567, '2019-08-20 03:50:18'),
(248, 199012304567, '2019-08-20 04:03:26'),
(249, 199012304567, '2019-08-20 04:14:30'),
(250, 199012304567, '2019-08-20 04:42:20'),
(251, 199012304567, '2019-08-20 04:51:30'),
(252, 199012304567, '2019-08-21 07:05:05'),
(253, 199012304567, '2019-08-20 21:29:57'),
(254, 199012304567, '2019-08-20 21:38:02'),
(255, 199012304567, '2019-08-20 22:42:01'),
(256, 199012304567, '2019-08-20 22:42:21'),
(257, 199012304567, '2019-08-21 00:35:08'),
(258, 199012304567, '2019-08-21 02:10:24'),
(259, 199012304567, '2019-08-21 02:15:01'),
(260, 199012304567, '2019-08-21 03:08:16'),
(261, 199012304567, '2019-08-21 05:56:55'),
(262, 199012304567, '2019-08-21 07:29:59'),
(263, 199012304567, '2019-08-20 21:12:54'),
(264, 199012304567, '2019-08-21 00:12:44'),
(265, 199012304567, '2019-08-21 00:51:13'),
(266, 199012304567, '2019-08-21 01:46:15'),
(267, 199012304567, '2019-08-21 03:41:43'),
(268, 199012304567, '2019-08-27 07:00:00'),
(269, 199012304567, '2019-08-27 07:00:00'),
(270, 199012304567, '2019-08-29 07:00:00'),
(271, 199012304567, '2019-08-29 07:00:00'),
(272, 199012304567, '2019-08-29 07:00:00'),
(273, 199012304567, '2019-08-30 07:00:00'),
(274, 199012304567, '2019-08-30 07:00:00'),
(275, 199012304567, '2019-08-30 07:00:00'),
(276, 199012304567, '2019-08-30 07:00:00'),
(277, 199012304567, '2019-09-02 07:00:00'),
(278, 199012304567, '2019-09-02 07:00:00'),
(279, 199012304567, '2019-09-02 07:00:00'),
(280, 199012304567, '2019-09-02 07:00:00'),
(281, 199012304567, '2019-09-02 07:00:00'),
(282, 199012304567, '2019-09-02 07:00:00'),
(283, 199012304567, '2019-09-02 07:00:00'),
(284, 199012304567, '2019-09-03 07:00:00'),
(285, 199012304567, '2019-09-03 07:00:00'),
(286, 199012304567, '2019-09-04 07:00:00'),
(287, 199012304567, '2019-09-04 07:00:00'),
(288, 199012304567, '2019-09-05 07:00:00'),
(289, 199012304567, '2019-08-30 18:30:00'),
(290, 199012304567, '2019-08-30 18:30:00'),
(291, 199012304567, '2019-09-04 18:30:00'),
(292, 199012304567, '2019-09-04 18:30:00'),
(293, 199012304567, '2019-09-04 18:30:00'),
(294, 199012304567, '2019-09-05 18:30:00'),
(295, 199012304567, '2019-09-05 18:30:00'),
(296, 199012304567, '2019-09-05 18:30:00'),
(297, 199012304567, '2019-09-05 18:30:00'),
(298, 199012304567, '2019-09-08 18:30:00'),
(299, 199012304567, '2019-09-08 18:30:00'),
(300, 199460700960, '2019-09-08 18:30:00'),
(301, 199460700960, '2019-09-08 18:30:00'),
(302, 199460700960, '2019-09-08 18:30:00'),
(303, 199012304567, '2019-09-08 18:30:00'),
(304, 199012304567, '2019-09-08 18:30:00'),
(305, 198636456715, '2019-09-08 18:30:00'),
(306, 198636447915, '2019-09-08 18:30:00'),
(307, 198636447915, '2019-09-08 18:30:00'),
(308, 199012304567, '2019-09-08 18:30:00'),
(309, 199460700960, '2019-09-08 18:30:00'),
(310, 199012304567, '2019-09-09 18:30:00'),
(311, 199012304567, '2019-09-09 18:30:00'),
(312, 198636456715, '2019-09-09 18:30:00'),
(313, 198636456715, '2019-09-09 18:30:00'),
(314, 199012304567, '2019-09-09 18:30:00'),
(315, 199012304567, '2019-09-09 18:30:00'),
(316, 199012304567, '2019-09-09 18:30:00'),
(317, 198636447915, '2019-09-09 18:30:00'),
(318, 198636447915, '2019-09-19 18:30:00'),
(319, 199012304567, '2019-09-19 18:30:00'),
(320, 199012304567, '2019-09-19 18:30:00'),
(321, 198636447915, '2019-09-19 18:30:00'),
(322, 198636456715, '2019-09-19 18:30:00'),
(323, 199460700960, '2019-09-19 18:30:00'),
(324, 199460700960, '2019-09-19 18:30:00'),
(325, 199012304567, '2019-09-19 18:30:00'),
(326, 199012304567, '2019-09-19 18:30:00'),
(327, 198636456715, '2019-09-19 18:30:00'),
(328, 199012304567, '2019-09-19 18:30:00'),
(329, 198636447915, '2019-09-19 18:30:00'),
(330, 198636447915, '2019-09-19 18:30:00'),
(331, 199012304567, '2019-09-19 18:30:00'),
(332, 199460700960, '2019-09-19 18:30:00'),
(333, 198636456715, '2019-09-19 18:30:00'),
(334, 199460700960, '2019-09-19 18:30:00'),
(335, 199012304567, '2019-09-19 18:30:00'),
(336, 199460700960, '2019-09-19 18:30:00'),
(337, 198636456715, '2019-09-19 18:30:00'),
(338, 198636447915, '2019-09-19 18:30:00'),
(339, 198636456715, '2019-09-19 18:30:00'),
(340, 198636456715, '2019-09-19 18:30:00'),
(341, 199012304567, '2019-09-19 18:30:00'),
(342, 199012304567, '2019-09-19 18:30:00'),
(343, 198636456715, '2019-09-19 18:30:00'),
(344, 199012304567, '2019-09-19 18:30:00'),
(345, 198636456715, '2019-09-19 18:30:00'),
(346, 199012304567, '2019-09-19 18:30:00'),
(347, 199012304567, '2019-09-19 18:30:00'),
(348, 198636447915, '2019-09-19 18:30:00'),
(349, 198636456715, '2019-09-19 18:30:00'),
(350, 198636447915, '2019-09-19 18:30:00'),
(351, 199460700960, '2019-09-19 18:30:00'),
(352, 198636456715, '2019-09-19 18:30:00'),
(353, 199012304567, '2019-09-19 18:30:00'),
(354, 199012304567, '2019-09-19 18:30:00'),
(355, 199012304567, '2019-09-19 18:30:00'),
(356, 199012304567, '2019-09-19 18:30:00'),
(357, 199012304567, '2019-09-19 18:30:00'),
(358, 199460700960, '2019-09-19 18:30:00'),
(359, 199012304567, '2019-09-19 18:30:00'),
(360, 199012304567, '2019-09-19 18:30:00'),
(361, 198636456715, '2019-09-19 18:30:00'),
(362, 198636456715, '2019-09-19 18:30:00'),
(363, 198636456715, '2019-09-19 18:30:00'),
(364, 198636447915, '2019-09-19 18:30:00'),
(365, 199460700960, '2019-09-19 18:30:00'),
(366, 199012304567, '2019-09-19 18:30:00'),
(367, 199460700960, '2019-09-19 18:30:00'),
(368, 199012304567, '2019-09-19 18:30:00'),
(369, 199012304567, '2019-09-19 18:30:00'),
(370, 198636456715, '2019-09-19 18:30:00'),
(371, 198636456715, '2019-09-19 18:30:00'),
(372, 198636456715, '2019-09-19 18:30:00'),
(373, 198636456715, '2019-09-19 18:30:00'),
(374, 199012304567, '2019-09-19 18:30:00'),
(375, 199012304567, '2019-09-19 18:30:00'),
(376, 199460700960, '2019-09-23 18:30:00'),
(377, 198636447915, '2019-09-23 18:30:00'),
(378, 198636456715, '2019-09-24 18:30:00'),
(379, 198636456715, '2019-09-24 18:30:00'),
(380, 198636456715, '2019-09-24 18:30:00'),
(381, 198636456715, '2019-09-24 18:30:00'),
(382, 198636456715, '2019-09-24 18:30:00'),
(383, 198636456715, '2019-09-24 18:30:00'),
(384, 198636456715, '2019-09-24 18:30:00'),
(385, 198636456715, '2019-09-24 18:30:00'),
(386, 199012304567, '2019-09-24 18:30:00'),
(387, 199012304567, '2019-09-24 18:30:00'),
(388, 199012304567, '2019-09-24 18:30:00'),
(389, 199012304567, '2019-09-24 18:30:00'),
(390, 199012304567, '2019-09-24 18:30:00'),
(391, 199012304567, '2019-09-25 18:30:00'),
(392, 198636447915, '2019-09-25 18:30:00'),
(393, 199460700960, '2019-09-25 18:30:00'),
(394, 199012304567, '2019-09-25 18:30:00'),
(395, 199460700960, '2019-09-25 18:30:00'),
(396, 198636456715, '2019-09-25 18:30:00'),
(397, 198636456715, '2019-09-25 18:30:00'),
(398, 198636447915, '2019-09-25 18:30:00'),
(399, 198636447915, '2019-09-25 18:30:00'),
(400, 198636447915, '2019-09-25 18:30:00'),
(401, 199460700960, '2019-09-25 18:30:00'),
(402, 198636456715, '2019-09-25 18:30:00'),
(403, 198636447915, '2019-09-25 18:30:00'),
(404, 198636456715, '2019-09-25 18:30:00'),
(405, 123569875156, '2019-09-25 18:30:00'),
(406, 198636456715, '2019-09-25 18:30:00'),
(407, 123569875156, '2019-09-25 18:30:00'),
(408, 198636456715, '2019-09-25 18:30:00'),
(409, 123569875156, '2019-10-02 18:30:00'),
(410, 123569875156, '2019-10-02 18:30:00'),
(411, 199460700960, '2019-10-02 18:30:00'),
(412, 198636447915, '2019-10-02 18:30:00'),
(413, 123569875156, '2019-10-02 18:30:00'),
(414, 123569875156, '2019-10-02 18:30:00'),
(415, 199460700960, '2019-10-02 18:30:00'),
(416, 199012304567, '2019-10-02 18:30:00'),
(417, 123569875156, '2019-10-09 18:30:00'),
(418, 198636456715, '2019-10-09 18:30:00'),
(419, 198636456715, '2019-10-09 18:30:00'),
(420, 198636456715, '2019-10-09 18:30:00'),
(421, 198636456715, '2019-10-09 18:30:00'),
(422, 198636456715, '2019-10-09 18:30:00'),
(423, 198636456715, '2019-10-09 18:30:00'),
(424, 198636456715, '2019-10-09 18:30:00'),
(425, 198636456715, '2019-10-19 18:30:00'),
(426, 198636456715, '2019-10-19 18:30:00'),
(427, 198636456715, '2019-10-20 18:30:00'),
(428, 198636456715, '2019-10-20 18:30:00'),
(429, 198636456715, '2019-11-14 18:30:00'),
(430, 198636456715, '2019-11-14 18:30:00'),
(431, 198636456715, '2019-11-14 18:30:00'),
(432, 198636456715, '2019-11-15 18:30:00'),
(433, 198636456715, '2019-11-15 18:30:00'),
(434, 198636456715, '2019-12-02 18:30:00'),
(435, 198636456715, '2019-12-02 18:30:00'),
(436, 198636456715, '2019-12-02 18:30:00'),
(437, 198636456715, '2019-12-02 18:30:00'),
(438, 198636456715, '2019-12-02 18:30:00'),
(439, 198636456715, '2019-12-02 18:30:00'),
(440, 198636456715, '2019-12-03 18:30:00'),
(441, 198636456715, '2019-12-24 18:30:00'),
(442, 198636456715, '2019-12-24 18:30:00'),
(443, 198636456715, '2019-12-24 18:30:00'),
(444, 198636456715, '2020-01-03 08:00:00'),
(445, 198636456715, '2020-01-03 08:00:00'),
(446, 198636456715, '2020-01-06 08:00:00'),
(447, 198636456715, '2020-01-09 08:00:00'),
(448, 123569875156, '2020-01-09 08:00:00'),
(449, 198636456715, '2020-01-09 08:00:00'),
(450, 198636456715, '2020-01-09 08:00:00'),
(451, 198636456715, '2020-01-09 08:00:00'),
(452, 198636456715, '2020-01-13 08:00:00'),
(453, 198636456715, '2020-01-12 18:30:00'),
(454, 198636456715, '2020-01-12 18:30:00'),
(455, 198636456715, '2020-01-13 18:30:00'),
(456, 198636456715, '2020-01-13 18:30:00'),
(457, 198636456715, '2020-01-13 18:30:00'),
(458, 198636456715, '2020-01-15 18:30:00'),
(459, 198636456715, '2020-01-15 18:30:00'),
(460, 198636456715, '2020-01-15 18:30:00'),
(461, 198636456715, '2020-01-15 18:30:00'),
(462, 198636456715, '2020-01-15 18:30:00'),
(463, 198636456715, '2020-01-15 18:30:00'),
(464, 198636456715, '2020-01-15 18:30:00'),
(465, 198636456715, '2020-01-15 18:30:00'),
(466, 198636456715, '2020-01-19 18:30:00'),
(467, 198636456715, '2020-01-19 18:30:00'),
(468, 198636456715, '2020-01-19 18:30:00'),
(469, 198636456715, '2020-01-19 18:30:00'),
(470, 198636456715, '2020-01-19 18:30:00'),
(471, 198636456715, '2020-01-19 18:30:00'),
(472, 198636456715, '2020-01-19 18:30:00'),
(473, 198636456715, '2020-01-19 18:30:00'),
(474, 198636456715, '2020-01-20 18:30:00'),
(475, 198636456715, '2020-01-20 18:30:00'),
(476, 198636456715, '2020-01-20 18:30:00'),
(477, 198636456715, '2020-01-21 18:30:00'),
(478, 198636456715, '2020-01-21 18:30:00'),
(479, 198636456715, '2020-01-21 18:30:00'),
(480, 198636456715, '2020-01-21 18:30:00'),
(481, 198636456715, '2020-01-21 18:30:00'),
(482, 198636456715, '2020-01-21 18:30:00'),
(483, 198636456715, '2020-01-22 18:30:00'),
(484, 198636456715, '2020-01-26 18:30:00'),
(485, 198636456715, '2020-01-26 18:30:00'),
(486, 198636456715, '2020-01-26 18:30:00'),
(487, 198636456715, '2020-01-28 18:30:00'),
(488, 198636456715, '2020-01-28 18:30:00'),
(489, 198636456715, '2020-01-28 18:30:00'),
(490, 198636456715, '2020-01-28 18:30:00'),
(491, 198636456715, '2020-02-05 18:30:00'),
(492, 198636456715, '2020-02-05 18:30:00'),
(493, 198636456715, '2020-02-05 18:30:00'),
(494, 198636456715, '2020-02-06 18:30:00'),
(495, 198636456715, '2020-02-06 18:30:00'),
(496, 198636456715, '2020-02-06 18:30:00'),
(497, 198636456715, '2020-02-06 18:30:00'),
(498, 198636456715, '2020-02-06 18:30:00'),
(499, 198636456715, '2020-02-06 18:30:00'),
(500, 199012304567, '2020-02-06 18:30:00'),
(501, 199012304567, '2020-02-06 18:30:00'),
(502, 199012304567, '2020-02-06 18:30:00'),
(503, 198636456715, '2020-02-18 18:30:00'),
(504, 199012304567, '2020-02-19 18:30:00'),
(505, 199012304567, '2020-02-23 18:30:00'),
(506, 198636456715, '2020-02-23 18:30:00'),
(507, 198636456715, '2020-02-23 18:30:00'),
(508, 199012304567, '2020-02-23 18:30:00'),
(509, 199012304567, '2020-02-23 18:30:00'),
(510, 199012304567, '2020-02-24 18:30:00'),
(511, 198636456715, '2020-02-24 18:30:00'),
(512, 199012304567, '2020-02-24 18:30:00'),
(513, 199012304567, '2020-02-24 18:30:00'),
(514, 199012304567, '2020-02-24 18:30:00'),
(515, 199012304567, '2020-02-25 18:30:00'),
(516, 198636456715, '2020-02-25 18:30:00'),
(517, 199012304567, '2020-02-25 18:30:00'),
(518, 199012304567, '2020-02-25 18:30:00'),
(519, 199012304567, '2020-02-25 18:30:00'),
(520, 198636456715, '2020-02-26 18:30:00'),
(521, 199012304567, '2020-02-26 18:30:00'),
(522, 198636456715, '2020-02-26 18:30:00'),
(523, 198636456715, '2020-02-26 18:30:00'),
(524, 199012304567, '2020-02-26 18:30:00'),
(525, 199012304567, '2020-02-27 18:30:00'),
(526, 199012304567, '2020-03-02 18:30:00'),
(527, 198636456715, '2020-03-02 18:30:00'),
(528, 198636456715, '2020-03-02 18:30:00'),
(529, 198636456715, '2020-03-02 18:30:00'),
(530, 199012304567, '2020-03-02 18:30:00'),
(531, 198636456715, '2020-03-04 18:30:00'),
(532, 199012304567, '2020-03-04 18:30:00'),
(533, 198636456715, '2020-03-04 18:30:00'),
(534, 199012304567, '2020-03-04 18:30:00'),
(535, 199012304567, '2020-03-04 18:30:00'),
(536, 198636456715, '2020-03-04 18:30:00'),
(537, 199012304567, '2020-03-04 18:30:00'),
(538, 198636456715, '2020-03-04 18:30:00'),
(539, 198636456715, '2020-05-05 07:00:00'),
(540, 198636456715, '2020-05-05 07:00:00'),
(541, 198636456715, '2020-05-05 07:00:00'),
(542, 199460700960, '2020-05-05 07:00:00'),
(543, 199012304567, '2020-05-05 07:00:00'),
(544, 198636456715, '2020-05-11 07:00:00'),
(545, 199012304567, '2020-05-11 07:00:00'),
(546, 199460700960, '2020-05-11 07:00:00'),
(547, 198636456715, '2020-05-11 07:00:00'),
(548, 199012304567, '2020-05-11 07:00:00'),
(549, 198636456715, '2020-05-11 07:00:00'),
(550, 198636456715, '2020-05-13 07:00:00'),
(551, 199012304567, '2020-05-13 07:00:00'),
(552, 199012304567, '2020-05-13 07:00:00'),
(553, 199012304567, '2020-05-19 07:00:00'),
(554, 199012304567, '2020-05-21 07:00:00'),
(555, 199012304567, '2020-05-21 07:00:00'),
(556, 199012304567, '2020-05-28 07:00:00'),
(557, 198636456715, '2020-06-16 18:30:00'),
(558, 199012304567, '2020-06-16 18:30:00'),
(559, 199012304567, '2020-06-16 18:30:00'),
(560, 198636456715, '2020-06-18 18:30:00'),
(561, 199012304567, '2020-06-18 18:30:00'),
(562, 198636456715, '2020-06-18 18:30:00'),
(563, 198636456715, '2020-06-22 18:30:00'),
(564, 198636456715, '2020-06-22 18:30:00'),
(565, 199012304567, '2020-06-22 18:30:00'),
(566, 199012304567, '2020-06-22 18:30:00'),
(567, 199012304567, '2020-06-22 18:30:00'),
(568, 199012304567, '2020-06-22 18:30:00'),
(569, 199012304567, '2020-06-23 18:30:00'),
(570, 199012304567, '2020-06-23 18:30:00'),
(571, 199012304567, '2020-06-23 18:30:00'),
(572, 199012304567, '2020-06-23 18:30:00'),
(573, 199012304567, '2020-06-28 18:30:00'),
(574, 199012304567, '2020-06-28 18:30:00'),
(575, 199012304567, '2020-06-28 18:30:00'),
(576, 199012304567, '2020-06-28 18:30:00'),
(577, 198636456715, '2020-06-28 18:30:00'),
(578, 199012304567, '2020-06-28 18:30:00'),
(579, 198636456715, '2020-06-28 18:30:00'),
(580, 199012304567, '2020-06-28 18:30:00'),
(581, 198636456715, '2020-06-28 18:30:00'),
(582, 199012304567, '2020-06-28 18:30:00'),
(583, 199012304567, '2020-06-29 18:30:00'),
(584, 199012304567, '2020-06-29 18:30:00'),
(585, 199012304567, '2020-06-30 18:30:00'),
(586, 199012304567, '2020-06-30 18:30:00'),
(587, 199012304567, '2020-06-30 18:30:00'),
(588, 199012304567, '2020-06-30 18:30:00'),
(589, 198636456715, '2020-06-30 18:30:00'),
(590, 199012304567, '2020-06-30 18:30:00'),
(591, 199012304567, '2020-06-30 18:30:00'),
(592, 199012304567, '2020-07-01 18:30:00'),
(593, 199012304567, '2020-07-01 18:30:00'),
(594, 198636456715, '2020-07-01 18:30:00'),
(595, 199012304567, '2020-07-01 18:30:00'),
(596, 198636456715, '2020-07-01 18:30:00'),
(597, 199012304567, '2020-07-01 18:30:00'),
(598, 199012304567, '2020-07-01 18:30:00'),
(599, 199012304567, '2020-07-01 18:30:00'),
(600, 199012304567, '2020-07-01 18:30:00'),
(601, 199012304567, '2020-07-01 18:30:00'),
(602, 198636456715, '2020-07-01 18:30:00'),
(603, 199012304567, '2020-07-01 18:30:00'),
(604, 199012304567, '2020-07-01 18:30:00'),
(605, 199012304567, '2020-07-02 18:30:00'),
(606, 199012304567, '2020-07-02 18:30:00'),
(607, 199012304567, '2020-07-02 18:30:00'),
(608, 199012304567, '2020-07-02 18:30:00'),
(609, 199012304567, '2020-07-05 18:30:00'),
(610, 199012304567, '2020-07-05 18:30:00'),
(611, 199012304567, '2020-07-05 18:30:00'),
(612, 199012304567, '2020-07-06 18:30:00'),
(613, 199012304567, '2020-07-07 18:30:00'),
(614, 199012304567, '2020-07-09 18:30:00'),
(615, 199012304567, '2020-07-12 18:30:00'),
(616, 198636456715, '2020-07-12 18:30:00'),
(617, 198636456715, '2020-07-12 18:30:00');

--
-- Indexes for dumped tables
--

--
-- Indexes for table `access_log`
--
ALTER TABLE `access_log`
  ADD PRIMARY KEY (`id`);

--
-- Indexes for table `activity_log`
--
ALTER TABLE `activity_log`
  ADD PRIMARY KEY (`id`);

--
-- Indexes for table `tbl_apply_training`
--
ALTER TABLE `tbl_apply_training`
  ADD PRIMARY KEY (`app_id`);

--
-- Indexes for table `tbl_dir_div`
--
ALTER TABLE `tbl_dir_div`
  ADD PRIMARY KEY (`dir_div_id`);

--
-- Indexes for table `tbl_district`
--
ALTER TABLE `tbl_district`
  ADD PRIMARY KEY (`district_id`);

--
-- Indexes for table `tbl_employee`
--
ALTER TABLE `tbl_employee`
  ADD PRIMARY KEY (`emp_id`);

--
-- Indexes for table `tbl_post`
--
ALTER TABLE `tbl_post`
  ADD PRIMARY KEY (`post_id`);

--
-- Indexes for table `tbl_service`
--
ALTER TABLE `tbl_service`
  ADD PRIMARY KEY (`service_id`);

--
-- Indexes for table `tbl_training`
--
ALTER TABLE `tbl_training`
  ADD PRIMARY KEY (`train_id`);

--
-- Indexes for table `tbl_unit`
--
ALTER TABLE `tbl_unit`
  ADD PRIMARY KEY (`unit_id`);

--
-- Indexes for table `tbl_user`
--
ALTER TABLE `tbl_user`
  ADD PRIMARY KEY (`user_id`),
  ADD UNIQUE KEY `user_name` (`user_name`),
  ADD KEY `user_role` (`user_role`);

--
-- Indexes for table `tbl_usrlog`
--
ALTER TABLE `tbl_usrlog`
  ADD PRIMARY KEY (`logId`);

--
-- AUTO_INCREMENT for dumped tables
--

--
-- AUTO_INCREMENT for table `access_log`
--
ALTER TABLE `access_log`
  MODIFY `id` int(20) NOT NULL AUTO_INCREMENT, AUTO_INCREMENT=877;

--
-- AUTO_INCREMENT for table `activity_log`
--
ALTER TABLE `activity_log`
  MODIFY `id` int(11) NOT NULL AUTO_INCREMENT, AUTO_INCREMENT=588;

--
-- AUTO_INCREMENT for table `tbl_apply_training`
--
ALTER TABLE `tbl_apply_training`
  MODIFY `app_id` int(11) NOT NULL AUTO_INCREMENT, AUTO_INCREMENT=170;

--
-- AUTO_INCREMENT for table `tbl_dir_div`
--
ALTER TABLE `tbl_dir_div`
  MODIFY `dir_div_id` int(11) NOT NULL AUTO_INCREMENT, AUTO_INCREMENT=17;

--
-- AUTO_INCREMENT for table `tbl_district`
--
ALTER TABLE `tbl_district`
  MODIFY `district_id` int(11) NOT NULL AUTO_INCREMENT, AUTO_INCREMENT=26;

--
-- AUTO_INCREMENT for table `tbl_post`
--
ALTER TABLE `tbl_post`
  MODIFY `post_id` int(11) NOT NULL AUTO_INCREMENT, AUTO_INCREMENT=104;

--
-- AUTO_INCREMENT for table `tbl_service`
--
ALTER TABLE `tbl_service`
  MODIFY `service_id` int(11) NOT NULL AUTO_INCREMENT, AUTO_INCREMENT=17;

--
-- AUTO_INCREMENT for table `tbl_training`
--
ALTER TABLE `tbl_training`
  MODIFY `train_id` int(11) NOT NULL AUTO_INCREMENT, AUTO_INCREMENT=21;

--
-- AUTO_INCREMENT for table `tbl_unit`
--
ALTER TABLE `tbl_unit`
  MODIFY `unit_id` int(3) NOT NULL AUTO_INCREMENT, AUTO_INCREMENT=255;

--
-- AUTO_INCREMENT for table `tbl_user`
--
ALTER TABLE `tbl_user`
  MODIFY `user_id` bigint(12) NOT NULL AUTO_INCREMENT, AUTO_INCREMENT=199460700962;

--
-- AUTO_INCREMENT for table `tbl_usrlog`
--
ALTER TABLE `tbl_usrlog`
  MODIFY `logId` int(11) NOT NULL AUTO_INCREMENT, AUTO_INCREMENT=618;
COMMIT;

/*!40101 SET CHARACTER_SET_CLIENT=@OLD_CHARACTER_SET_CLIENT */;
/*!40101 SET CHARACTER_SET_RESULTS=@OLD_CHARACTER_SET_RESULTS */;
/*!40101 SET COLLATION_CONNECTION=@OLD_COLLATION_CONNECTION */;
